canonical_isomeric_smiles,canonical_formal_charge,PPS_occurrence_count,PPS_raw_smiles_count,PPS_best_score,PPS_median_score,PPS_mean_score,PPS_score_std,PPS_worst_score,PPS_score_range,PPS_best_source_row,PPS_best_raw_smiles,PPS_first_step,PPS_last_step,PPS_best_step,PPS_best_batch_idx,PPS_best_variant_id
NC(=O)c1cccc(NC(=O)NCC2CCN(Cc3ccc(CNC(=O)c4cc5c(=O)[nH]ccc5[nH]4)cc3)C2)c1,0,2,1,-14.6688,-14.6688,-14.6688,0.0,-14.6688,0.0,21147,NC(=O)c1cccc(NC(=O)NCC2CCN(Cc3ccc(CNC(=O)c4cc5c(=O)[nH]ccc5[nH]4)cc3)C2)c1,330,334,330,27,330_27-3
NC(Cc1cccc(C(F)(F)F)c1)NC(=O)N1CCC(Cc2ccc(CNC(=O)c3cc4ncncc4[nH]3)cc2)CC1,0,2,1,-14.3957,-14.3957,-14.3957,0.0,-14.3957,0.0,22301,NC(Cc1cccc(C(F)(F)F)c1)NC(=O)N1CCC(Cc2ccc(CNC(=O)c3cc4ncncc4[nH]3)cc2)CC1,348,349,348,29,348_29-2
NC(Cc1ccc(C(F)(F)F)cc1)NC(=O)C1CCN(Cc2ccc(CNC(=O)c3cc4c(=O)[nH]ccc4[nH]3)cc2)C1,0,5,1,-14.281,-14.281,-14.281,0.0,-14.281,0.0,20969,NC(Cc1ccc(C(F)(F)F)cc1)NC(=O)C1CCN(Cc2ccc(CNC(=O)c3cc4c(=O)[nH]ccc4[nH]3)cc2)C1,327,329,327,41,327_41-3
NC(=O)c1ccc(NC(=O)N2CCN(Cc3ccc(CNC(=O)Nc4cccc5c4CCNC5)cc3)CC2)cc1,0,2,1,-14.2634,-14.2634,-14.2634,0.0,-14.2634,0.0,18116,NC(=O)c1ccc(NC(=O)N2CCN(Cc3ccc(CNC(=O)Nc4cccc5c4CCNC5)cc3)CC2)cc1,283,284,283,4,283_4-1
O=C(NCC1CCN(Cc2ccc(CNC(=O)c3cc4c(=O)[nH]ccc4[nH]3)cc2)C1)Nc1ccc(C(F)(F)F)cc1,0,2,1,-14.2438,-14.2438,-14.2438,0.0,-14.2438,0.0,18965,O=C(NCC1CCN(Cc2ccc(CNC(=O)c3cc4c(=O)[nH]ccc4[nH]3)cc2)C1)Nc1ccc(C(F)(F)F)cc1,296,303,296,21,296_21-3
NC(=O)c1cccc(C(=O)NCc2ccc(CN3CCC(NC(=O)Nc4ccc5c(c4)OC(CO)CC5)C3)cc2)c1,0,2,1,-14.2315,-14.2315,-14.2315,0.0,-14.2315,0.0,15880,NC(=O)c1cccc(C(=O)NCc2ccc(CN3CCC(NC(=O)Nc4ccc5c(c4)OC(CO)CC5)C3)cc2)c1,248,252,248,8,248_8-6
NC(=O)c1cccc(C(=O)CN2CCN(Cc3ccc(CNC(=O)c4cccc(C(N)=O)c4)cc3)CC2)c1,0,2,1,-14.1256,-14.1256,-14.1256,0.0,-14.1256,0.0,19186,NC(=O)c1cccc(C(=O)CN2CCN(Cc3ccc(CNC(=O)c4cccc(C(N)=O)c4)cc3)CC2)c1,299,302,299,50,299_50-1
NC(=O)c1ccc(C(=O)NCc2ccc(CN3CCC(CNC(=O)c4cc5ccc(C(N)=O)cc5[nH]4)CC3)cc2)cc1,0,3,1,-14.1098,-14.1098,-14.1098,0.0,-14.1098,0.0,16441,NC(=O)c1ccc(C(=O)NCc2ccc(CN3CCC(CNC(=O)c4cc5ccc(C(N)=O)cc5[nH]4)CC3)cc2)cc1,256,261,256,57,256_57-1
NC(=O)c1ccc(NC(=O)N2CCN(Cc3ccc(CNC(=O)c4cnc5ncnc(N)c5c4)cc3)CC2)cc1,0,2,1,-14.1031,-14.1031,-14.1031,0.0,-14.1031,0.0,20603,NC(=O)c1ccc(NC(=O)N2CCN(Cc3ccc(CNC(=O)c4cnc5ncnc(N)c5c4)cc3)CC2)cc1,321,323,321,59,321_59-1
NC(=O)c1cccc(C(=O)N2CCN(Cc3ccc(CNC(=O)c4cnc5ccccn5c4=O)cc3)CC2)c1,0,2,1,-14.054,-14.054,-14.054,0.0,-14.054,0.0,19544,NC(=O)c1cccc(C(=O)N2CCN(Cc3ccc(CNC(=O)c4cnc5ccccn5c4=O)cc3)CC2)c1,305,310,305,24,305_24-1
NC(=O)c1ccc(NC(=O)N2CCN(Cc3ccc(CNC(=O)Nc4cccc5cc[nH]c45)cc3)CC2)cc1,0,2,1,-13.9407,-13.9407,-13.9407,0.0,-13.9407,0.0,18608,NC(=O)c1ccc(NC(=O)N2CCN(Cc3ccc(CNC(=O)Nc4cccc5cc[nH]c45)cc3)CC2)cc1,290,292,290,48,290_48-1
O=C(Nc1ccc(C(F)(F)F)cc1)NC1CCN(Cc2ccc(CNC(=O)c3nc4c(=O)[nH]ccc4[nH]3)cc2)C1,0,2,1,-13.9311,-13.9311,-13.9311,0.0,-13.9311,0.0,18809,O=C(Nc1ccc(C(F)(F)F)cc1)NC1CCN(Cc2ccc(CNC(=O)c3nc4c(=O)[nH]ccc4[nH]3)cc2)C1,293,295,293,57,293_57-3
CN1CCc2cccc(NC(=O)NCc3ccc(CN4CCN(C(=O)Nc5ccc(C(F)(F)F)cc5)CC4)cc3)c2CC1,0,2,1,-13.9147,-13.9147,-13.9147,0.0,-13.9147,0.0,18466,CN1CCc2cccc(NC(=O)NCc3ccc(CN4CCN(C(=O)Nc5ccc(C(F)(F)F)cc5)CC4)cc3)c2CC1,288,288,288,34,288_34-1
NC(=O)c1cccc(NC(=O)NCC2CCN(Cc3ccc(CNC(=O)c4cc5c(=O)[nH]ccc5[nH]4)cc3)CC2)c1,0,2,1,-13.8999,-13.8999,-13.8999,0.0,-13.8999,0.0,20786,NC(=O)c1cccc(NC(=O)NCC2CCN(Cc3ccc(CNC(=O)c4cc5c(=O)[nH]ccc5[nH]4)cc3)CC2)c1,324,325,324,50,324_50-1
NC(=O)c1ccc(NC(=O)N2CCN(Cc3ccc(CNC(=O)c4cc5c(=O)[nH]c(N)nc5[nH]4)cc3)CC2)cc1,0,2,1,-13.8978,-13.8978,-13.8978,0.0,-13.8978,0.0,18167,NC(=O)c1ccc(NC(=O)N2CCN(Cc3ccc(CNC(=O)c4cc5c(=O)[nH]c(N)nc5[nH]4)cc3)CC2)cc1,283,300,283,55,283_55-1
NC(=O)c1cccc(C(=O)NCc2ccc(CN3CCC(NC(=O)c4cc5cc(C(N)=O)ccc5[nH]4)C3)cc2)c1,0,2,1,-13.8923,-13.8923,-13.8923,0.0,-13.8923,0.0,16213,NC(=O)c1cccc(C(=O)NCc2ccc(CN3CCC(NC(=O)c4cc5cc(C(N)=O)ccc5[nH]4)C3)cc2)c1,253,254,253,21,253_21-2
NC(=O)c1cccc(C(=O)NCc2ccc(CN3CCC(CNC(=O)c4cc5cc(C(N)=O)ccc5[nH]4)CC3)cc2)c1,0,3,1,-13.8756,-13.8756,-13.8756,0.0,-13.8756,0.0,16712,NC(=O)c1cccc(C(=O)NCc2ccc(CN3CCC(CNC(=O)c4cc5cc(C(N)=O)ccc5[nH]4)CC3)cc2)c1,261,264,261,8,261_8-1
NC(=O)c1cccc(C(=O)N2CCC(Cc3ccc(CNC(=O)c4nc5ccccc5[nH]4)cc3)CC2)c1,0,2,1,-13.8543,-13.8543,-13.8543,0.0,-13.8543,0.0,21516,NC(=O)c1cccc(C(=O)N2CCC(Cc3ccc(CNC(=O)c4nc5ccccc5[nH]4)cc3)CC2)c1,336,338,336,12,336_12-1
NC(=O)c1cccc(C(=O)CN2CCN(Cc3ccc(CNC(=O)c4cnc5ccccn5c4=O)cc3)CC2)c1,0,2,1,-13.8239,-13.8239,-13.8239,0.0,-13.8239,0.0,19826,NC(=O)c1cccc(C(=O)CN2CCN(Cc3ccc(CNC(=O)c4cnc5ccccn5c4=O)cc3)CC2)c1,309,312,309,50,309_50-1
NC(=O)c1cccc(NC(=O)N2CCC(Cc3ccc(CNC(=O)c4cc5cc(C(N)=O)ncc5[nH]4)cc3)CC2)c1,0,2,1,-13.7939,-13.7939,-13.7939,0.0,-13.7939,0.0,21923,NC(=O)c1cccc(NC(=O)N2CCC(Cc3ccc(CNC(=O)c4cc5cc(C(N)=O)ncc5[nH]4)cc3)CC2)c1,342,346,342,35,342_35-1
NC(=O)c1ccc2[nH]c(C(=O)NCc3ccc(CN4CCC(CNC(=O)c5ccc6c(c5)OCO6)CC4)cc3)cc2c1,0,3,1,-13.7924,-13.7924,-13.7924,0.0,-13.7924,0.0,16627,NC(=O)c1ccc2[nH]c(C(=O)NCc3ccc(CN4CCC(CNC(=O)c5ccc6c(c5)OCO6)CC4)cc3)cc2c1,259,260,259,51,259_51-1
NC(=O)c1cccc(C(=O)N2CCN(Cc3ccc(CNC(=O)c4nc5ccc(N)nc5[nH]4)cc3)CC2)c1,0,2,1,-13.7821,-13.7821,-13.7821,0.0,-13.7821,0.0,18535,NC(=O)c1cccc(C(=O)N2CCN(Cc3ccc(CNC(=O)c4nc5ccc(N)nc5[nH]4)cc3)CC2)c1,289,296,289,39,289_39-1
Cc1cc(C(N)=O)cc(C(=O)NCC2CCN(Cc3ccc(CNC(=O)c4cccc(C(N)=O)c4)cc3)CC2)c1,0,2,1,-13.749,-13.749,-13.749,0.0,-13.749,0.0,15991,Cc1cc(C(N)=O)cc(C(=O)NCC2CCN(Cc3ccc(CNC(=O)c4cccc(C(N)=O)c4)cc3)CC2)c1,249,258,249,55,249_55-1
NC(=O)c1cccc(C(=O)NCc2ccc(CN3CCC(CNC(=O)Nc4ccc5c(c4)OCO5)CC3)cc2)c1,0,3,1,-13.6922,-13.6922,-13.6922,0.0,-13.6922,0.0,15733,NC(=O)c1cccc(C(=O)NCc2ccc(CN3CCC(CNC(=O)Nc4ccc5c(c4)OCO5)CC3)cc2)c1,245,261,245,53,245_53-1
CN1CCc2c(cccc2C(=O)NCc2ccc(CN3CCN(C(=O)Nc4ccc(C(N)=O)cc4)CC3)cc2)C1,0,2,1,-13.6668,-13.6668,-13.6668,0.0,-13.6668,0.0,18501,CN1CCc2c(cccc2C(=O)NCc2ccc(CN3CCN(C(=O)Nc4ccc(C(N)=O)cc4)CC3)cc2)C1,289,295,289,5,289_5-1
CN1CCc2ccc(C(=O)NCc3ccc(CN4CCN(C(=O)c5cccc(C(N)=O)c5)CC4)cc3)cc2C1,0,2,1,-13.6628,-13.6628,-13.6628,0.0,-13.6628,0.0,19417,CN1CCc2ccc(C(=O)NCc3ccc(CN4CCN(C(=O)c5cccc(C(N)=O)c5)CC4)cc3)cc2C1,303,306,303,25,303_25-2
NC(=O)c1cccc(C(=O)NCc2ccc(CN3CC(NC(=O)Nc4ccc5ccccc5c4)C3)cc2)c1,0,2,1,-13.6473,-13.6473,-13.6473,0.0,-13.6473,0.0,15907,NC(=O)c1cccc(C(=O)NCc2ccc(CN3CC(NC(=O)Nc4ccc5ccccc5c4)C3)cc2)c1,248,251,248,35,248_35-1
NC(=O)c1cccc(NC(=O)NC2CCN(Cc3ccc(CNC(=O)c4cccc(C(N)=O)c4)cc3)C2)c1,0,2,1,-13.6322,-13.6322,-13.6322,0.0,-13.6322,0.0,15266,NC(=O)c1cccc(NC(=O)NC2CCN(Cc3ccc(CNC(=O)c4cccc(C(N)=O)c4)cc3)C2)c1,238,240,238,34,238_34-3
NC(=O)c1cccc(NC(=O)N2CCN(Cc3ccc(CNC(=O)c4ccc5[nH]c(=O)[nH]c5c4)cc3)CC2)c1,0,3,1,-13.6189,-13.6189,-13.618900000000002,2.175583928816829e-15,-13.6189,0.0,19013,NC(=O)c1cccc(NC(=O)N2CCN(Cc3ccc(CNC(=O)c4ccc5[nH]c(=O)[nH]c5c4)cc3)CC2)c1,297,299,297,5,297_5-1
Nc1ccc2cc(C(=O)NCC3CCN(Cc4ccc(CNC(=O)c5ccc6ccccc6c5)cc4)CC3)[nH]c2n1,0,2,1,-13.5879,-13.5879,-13.5879,0.0,-13.5879,0.0,16405,Nc1ccc2cc(C(=O)NCC3CCN(Cc4ccc(CNC(=O)c5ccc6ccccc6c5)cc4)CC3)[nH]c2n1,256,261,256,21,256_21-1
NC(=O)c1cccc(C(=O)CN2CCN(Cc3ccc(CNC(=O)c4cc5ccncc5cn4)cc3)CC2)c1,0,2,1,-13.5842,-13.5842,-13.5842,0.0,-13.5842,0.0,20196,NC(=O)c1cccc(C(=O)CN2CCN(Cc3ccc(CNC(=O)c4cc5ccncc5cn4)cc3)CC2)c1,315,319,315,36,315_36-1
NC(=O)c1cccc(C(=O)NCc2ccc(CN3CCC(NC(=O)Nc4ccc5c(c4)OCCO5)C3)cc2)c1,0,5,1,-13.5788,-13.5788,-13.578799999999998,1.9860273225978185e-15,-13.5788,0.0,15884,NC(=O)c1cccc(C(=O)NCc2ccc(CN3CCC(NC(=O)Nc4ccc5c(c4)OCCO5)C3)cc2)c1,248,259,248,12,248_12-1
NC(=O)c1cccc(NC(=O)NCC2CCN(Cc3ccc(CNC(=O)c4ccc5ccncc5c4)cc3)C2)c1,0,2,1,-13.5209,-13.5209,-13.5209,0.0,-13.5209,0.0,20425,NC(=O)c1cccc(NC(=O)NCC2CCN(Cc3ccc(CNC(=O)c4ccc5ccncc5c4)cc3)C2)c1,319,323,319,9,319_9-3
NC(=O)c1cccc(NC(=O)NCC2CCN(Cc3ccc(CNC(=O)c4cc5cc(C(N)=O)ccc5[nH]4)cc3)C2)c1,0,2,1,-13.5093,-13.5093,-13.5093,0.0,-13.5093,0.0,17474,NC(=O)c1cccc(NC(=O)NCC2CCN(Cc3ccc(CNC(=O)c4cc5cc(C(N)=O)ccc5[nH]4)cc3)C2)c1,273,333,273,2,273_2-3
NC(=O)c1ccc2c(c1)CCN(Cc1ccc(CN3CCC(NC(=O)Nc4ccc5c(c4)OCO5)C3)cc1)C2,0,2,1,-13.5014,-13.5014,-13.5014,0.0,-13.5014,0.0,15711,NC(=O)c1ccc2c(c1)CCN(Cc1ccc(CN3CCC(NC(=O)Nc4ccc5c(c4)OCO5)C3)cc1)C2,245,247,245,31,245_31-4
Cn1cc(C(=O)NCc2ccc(CN3CCN(CC(=O)Nc4ccc(C(N)=O)cc4)CC3)cc2)cc1C(N)=O,0,2,1,-13.5005,-13.5005,-13.5005,0.0,-13.5005,0.0,19611,Cn1cc(C(=O)NCc2ccc(CN3CCN(CC(=O)Nc4ccc(C(N)=O)cc4)CC3)cc2)cc1C(N)=O,306,307,306,27,306_27-1
O=C(NCC1CCN(Cc2ccc(CNC(=O)c3cc4c(=O)[nH]ccc4[nH]3)cc2)C1)c1ccc(C(F)(F)F)cc1,0,3,1,-13.4957,-13.4957,-13.4957,0.0,-13.4957,0.0,20574,O=C(NCC1CCN(Cc2ccc(CNC(=O)c3cc4c(=O)[nH]ccc4[nH]3)cc2)C1)c1ccc(C(F)(F)F)cc1,321,326,321,30,321_30-3
NC(=O)c1cccc(C(=O)CN2CCN(Cc3ccc(CNC(=O)c4ccc5ncccc5c4)cc3)CC2)c1,0,2,1,-13.4783,-13.4783,-13.4783,0.0,-13.4783,0.0,19394,NC(=O)c1cccc(C(=O)CN2CCN(Cc3ccc(CNC(=O)c4ccc5ncccc5c4)cc3)CC2)c1,303,308,303,2,303_2-1
NC(=O)c1ccc(NC(=O)N2CCN(Cc3ccc(CNC(=O)Nc4ncnc5cc[nH]c45)cc3)CC2)cc1,0,2,1,-13.4643,-13.4643,-13.4643,0.0,-13.4643,0.0,18640,NC(=O)c1ccc(NC(=O)N2CCN(Cc3ccc(CNC(=O)Nc4ncnc5cc[nH]c45)cc3)CC2)cc1,291,293,291,16,291_16-1
NC(=O)c1cccc(C(=O)CN2CCN(Cc3ccc(CNC(=O)c4ccc5c(c4)CNC5=O)cc3)CC2)c1,0,2,1,-13.4533,-13.4533,-13.4533,0.0,-13.4533,0.0,19440,NC(=O)c1cccc(C(=O)CN2CCN(Cc3ccc(CNC(=O)c4ccc5c(c4)CNC5=O)cc3)CC2)c1,303,307,303,48,303_48-1
NC(=O)c1cccc(C(=O)NCc2ccc(CN3CCC(CNC(=O)c4cc5ccccc5[nH]4)CC3)cc2)c1,0,3,1,-13.4493,-13.4493,-13.4493,0.0,-13.4493,0.0,16362,NC(=O)c1cccc(C(=O)NCc2ccc(CN3CCC(CNC(=O)c4cc5ccccc5[nH]4)CC3)cc2)c1,255,266,255,42,255_42-1
NC(=O)c1cccc(C(=O)N2CCN(Cc3ccc(CNC(=O)c4ccc5ccncc5c4)cc3)CC2)c1,0,4,1,-13.448,-13.448,-13.448,0.0,-13.448,0.0,19832,NC(=O)c1cccc(C(=O)N2CCN(Cc3ccc(CNC(=O)c4ccc5ccncc5c4)cc3)CC2)c1,309,314,309,56,309_56-1
NC(=O)c1cccc(C(=O)NCc2ccc(CN3CCC(NC(=O)Nc4ccc5c(c4)OCO5)C3)cc2)c1,0,5,1,-13.4433,-13.4433,-13.443299999999999,1.9860273225978185e-15,-13.4433,0.0,15836,NC(=O)c1cccc(C(=O)NCc2ccc(CN3CCC(NC(=O)Nc4ccc5c(c4)OCO5)C3)cc2)c1,247,257,247,28,247_28-3
NC(=O)c1ccc(C(=O)NCc2ccc(CN3CCC(CNC(=O)c4cc5cc(C(N)=O)ccc5[nH]4)CC3)cc2)cc1,0,4,1,-13.4331,-13.4331,-13.4331,0.0,-13.4331,0.0,16587,NC(=O)c1ccc(C(=O)NCc2ccc(CN3CCC(CNC(=O)c4cc5cc(C(N)=O)ccc5[nH]4)CC3)cc2)cc1,259,264,259,11,259_11-1
O=C(NCC1CCN(Cc2ccc(CNC(=O)c3cc4cnccc4[nH]3)cc2)CC1)C(=O)c1ccc(C(F)(F)F)cc1,0,2,1,-13.43,-13.43,-13.43,0.0,-13.43,0.0,20861,O=C(NCC1CCN(Cc2ccc(CNC(=O)c3cc4cnccc4[nH]3)cc2)CC1)C(=O)c1ccc(C(F)(F)F)cc1,325,330,325,61,325_61-1
NC(=O)c1ccc(CC(N)NC(=O)N2CCC(Cc3ccc(CNC(=O)c4cc5ccncc5[nH]4)cc3)CC2)cc1,0,2,1,-13.416,-13.416,-13.416,0.0,-13.416,0.0,22564,NC(=O)c1ccc(CC(N)NC(=O)N2CCC(Cc3ccc(CNC(=O)c4cc5ccncc5[nH]4)cc3)CC2)cc1,352,355,352,36,352_36-1
NC(=O)c1cccc(C(=O)NCc2ccc(CN3CCC(CNC(=O)c4n[nH]c5ccc(C(N)=O)cc45)CC3)cc2)c1,0,2,1,-13.4085,-13.4085,-13.4085,0.0,-13.4085,0.0,16328,NC(=O)c1cccc(C(=O)NCc2ccc(CN3CCC(CNC(=O)c4n[nH]c5ccc(C(N)=O)cc45)CC3)cc2)c1,255,261,255,8,255_8-1
NC(=O)c1cccc(C(=O)NCc2ccc(CN3CCC(CNC(=O)c4ccc5c(c4)OCCO5)C3)cc2)c1,0,2,1,-13.3933,-13.3933,-13.3933,0.0,-13.3933,0.0,15843,NC(=O)c1cccc(C(=O)NCc2ccc(CN3CCC(CNC(=O)c4ccc5c(c4)OCCO5)C3)cc2)c1,247,251,247,35,247_35-3
NC(Cc1ccc(C(F)(F)F)cc1)NC(=O)C1CCN(Cc2ccc(CNC(=O)c3cc4ccccc4[nH]3)cc2)C1,0,4,1,-13.3933,-13.3933,-13.3933,0.0,-13.3933,0.0,20975,NC(Cc1ccc(C(F)(F)F)cc1)NC(=O)C1CCN(Cc2ccc(CNC(=O)c3cc4ccccc4[nH]3)cc2)C1,327,335,327,47,327_47-3
O=C(NCc1ccc(CN2CCN(C(=O)Nc3ccc(C(F)(F)F)cc3)CC2)cc1)Nc1cccc2cc[nH]c(=O)c12,0,2,1,-13.3925,-13.3925,-13.3925,0.0,-13.3925,0.0,18711,O=C(NCc1ccc(CN2CCN(C(=O)Nc3ccc(C(F)(F)F)cc3)CC2)cc1)Nc1cccc2cc[nH]c(=O)c12,292,292,292,23,292_23-1
NC(=O)c1ccc(NC(=O)N2CCN(Cc3ccc(CNC(=O)c4cc5c([nH]4)CCNC5=O)cc3)CC2)cc1,0,2,1,-13.391,-13.391,-13.391,0.0,-13.391,0.0,18537,NC(=O)c1ccc(NC(=O)N2CCN(Cc3ccc(CNC(=O)c4cc5c([nH]4)CCNC5=O)cc3)CC2)cc1,289,293,289,41,289_41-1
O=C(NCc1ccc(CN2CCC(C(=O)NCc3cccc(C(F)(F)F)c3)C2)cc1)c1cc2c(=O)[nH]ccc2[nH]1,0,2,1,-13.3861,-13.3861,-13.3861,0.0,-13.3861,0.0,20886,O=C(NCc1ccc(CN2CCC(C(=O)NCc3cccc(C(F)(F)F)c3)C2)cc1)c1cc2c(=O)[nH]ccc2[nH]1,326,329,326,22,326_22-2
NC(=O)c1ccc(NC(=O)N2CCN(Cc3ccc(CNC(=O)c4nc5cc(C(N)=O)ccc5[nH]4)cc3)CC2)cc1,0,2,1,-13.3827,-13.3827,-13.3827,0.0,-13.3827,0.0,19296,NC(=O)c1ccc(NC(=O)N2CCN(Cc3ccc(CNC(=O)c4nc5cc(C(N)=O)ccc5[nH]4)cc3)CC2)cc1,301,305,301,32,301_32-2
NC(=O)c1ccc2[nH]c(C(=O)NC3CCN(Cc4ccc(CNC(=O)c5ccc6[nH]c(C(N)=O)cc6c5)cc4)C3)cc2c1,0,2,1,-13.3712,-13.3712,-13.3712,0.0,-13.3712,0.0,16473,NC(=O)c1ccc2[nH]c(C(=O)NC3CCN(Cc4ccc(CNC(=O)c5ccc6[nH]c(C(N)=O)cc6c5)cc4)C3)cc2c1,257,259,257,25,257_25-4
NC(=O)c1cccc(C(=O)N2CCN(Cc3ccc(CNC(=O)c4nc(N)nc5ccccc45)cc3)CC2)c1,0,3,1,-13.3689,-13.3689,-13.368900000000002,2.175583928816829e-15,-13.3689,0.0,19051,NC(=O)c1cccc(C(=O)N2CCN(Cc3ccc(CNC(=O)c4nc(N)nc5ccccc45)cc3)CC2)c1,297,302,297,43,297_43-1
NC(=O)c1ccc(NC(=O)N2CCN(Cc3ccc(CNC(=O)c4nc5ccccc5[nH]4)cc3)CC2)cc1,0,4,1,-13.3671,-13.3671,-13.3671,0.0,-13.3671,0.0,19345,NC(=O)c1ccc(NC(=O)N2CCN(Cc3ccc(CNC(=O)c4nc5ccccc5[nH]4)cc3)CC2)cc1,302,350,302,17,302_17-1
NC(=O)c1cccc(C(=O)N2CCN(Cc3ccc(CNC(=O)c4cnc5ccccc5c4)cc3)CC2)c1,0,3,1,-13.3624,-13.3624,-13.3624,0.0,-13.3624,0.0,19610,NC(=O)c1cccc(C(=O)N2CCN(Cc3ccc(CNC(=O)c4cnc5ccccc5c4)cc3)CC2)c1,306,314,306,26,306_26-1
NC(=O)c1cccc(C(=O)NCC2CCN(Cc3ccc(CNC(=O)c4cccc(C(F)(F)F)c4)cc3)CC2)c1,0,2,1,-13.3476,-13.3476,-13.3476,0.0,-13.3476,0.0,16873,NC(=O)c1cccc(C(=O)NCC2CCN(Cc3ccc(CNC(=O)c4cccc(C(F)(F)F)c4)cc3)CC2)c1,263,266,263,41,263_41-1
NC(=O)c1cccc(C(=O)CN2CCN(Cc3ccc(CNC(=O)c4ccc(C(F)(F)F)nc4)cc3)CC2)c1,0,2,1,-13.3415,-13.3415,-13.3415,0.0,-13.3415,0.0,19447,NC(=O)c1cccc(C(=O)CN2CCN(Cc3ccc(CNC(=O)c4ccc(C(F)(F)F)nc4)cc3)CC2)c1,303,304,303,55,303_55-1
NC(=O)c1ccc(NC(=O)N2CCN(Cc3ccc(CNC(=O)Nc4n[nH]c5ccccc45)cc3)CC2)cc1,0,4,1,-13.3329,-13.3329,-13.3329,0.0,-13.3329,0.0,18052,NC(=O)c1ccc(NC(=O)N2CCN(Cc3ccc(CNC(=O)Nc4n[nH]c5ccccc45)cc3)CC2)cc1,282,288,282,4,282_4-1
NC(=O)c1cccc(C(=O)CN2CCC(Cc3ccc(CNC(=O)c4cc5ccncc5[nH]4)cc3)CC2)c1,0,2,1,-13.3304,-13.3304,-13.3304,0.0,-13.3304,0.0,21773,NC(=O)c1cccc(C(=O)CN2CCC(Cc3ccc(CNC(=O)c4cc5ccncc5[nH]4)cc3)CC2)c1,340,341,340,13,340_13-1
Nc1ncnc2ccc(C(=O)NCc3ccc(CN4CCC(C(=O)NC(N)Cc5ccccc5)C4)cc3)cc12,0,2,1,-13.3251,-13.3251,-13.3251,0.0,-13.3251,0.0,20324,Nc1ncnc2ccc(C(=O)NCc3ccc(CN4CCC(C(=O)NC(N)Cc5ccccc5)C4)cc3)cc12,317,320,317,36,317_36-14
NC(=O)c1ccc(NC(=O)N2CCN(Cc3ccc(CNC(=O)c4ccc5c(c4)CCC(N)C5)cc3)CC2)cc1,0,2,1,-13.3095,-13.3095,-13.3095,0.0,-13.3095,0.0,19204,NC(=O)c1ccc(NC(=O)N2CCN(Cc3ccc(CNC(=O)c4ccc5c(c4)CCC(N)C5)cc3)CC2)cc1,300,300,300,4,300_4-1
NC(=O)c1ccc(NC(=O)N2CCN(Cc3ccc(CNC(=O)c4cnc5ccccc5n4)cc3)CC2)cc1,0,2,1,-13.3087,-13.3087,-13.3087,0.0,-13.3087,0.0,19644,NC(=O)c1ccc(NC(=O)N2CCN(Cc3ccc(CNC(=O)c4cnc5ccccc5n4)cc3)CC2)cc1,306,307,306,60,306_60-1
NC(=O)c1cc(NC(=O)NCc2ccc(CN3CCC(NC(=O)Nc4ccc(C(F)(F)F)cc4)C3)cc2)c2[nH]ccc2c1,0,2,1,-13.3025,-13.3025,-13.3025,0.0,-13.3025,0.0,18645,NC(=O)c1cc(NC(=O)NCc2ccc(CN3CCC(NC(=O)Nc4ccc(C(F)(F)F)cc4)C3)cc2)c2[nH]ccc2c1,291,292,291,21,291_21-4
NC(=O)c1ccc(NC(=O)N2CCN(Cc3ccc(CNC(=O)c4ncnc5cccnc45)cc3)CC2)cc1,0,2,1,-13.2908,-13.2908,-13.2908,0.0,-13.2908,0.0,18446,NC(=O)c1ccc(NC(=O)N2CCN(Cc3ccc(CNC(=O)c4ncnc5cccnc45)cc3)CC2)cc1,288,292,288,14,288_14-1
NC(=O)c1cccc(NC(=O)N2CCN(Cc3ccc(CNC(=O)c4ccc5c(c4)CCNCC5)cc3)CC2)c1,0,2,1,-13.2904,-13.2904,-13.2904,0.0,-13.2904,0.0,17521,NC(=O)c1cccc(NC(=O)N2CCN(Cc3ccc(CNC(=O)c4ccc5c(c4)CCNCC5)cc3)CC2)c1,273,275,273,49,273_49-1
O=C(NCc1ccc(CN2CCC(CNC(=O)c3cccc(C(F)(F)F)c3)CC2)cc1)c1ccc2c(c1)CCNCC2,0,2,1,-13.2788,-13.2788,-13.2788,0.0,-13.2788,0.0,17485,O=C(NCc1ccc(CN2CCC(CNC(=O)c3cccc(C(F)(F)F)c3)CC2)cc1)c1ccc2c(c1)CCNCC2,273,273,273,13,273_13-1
NC(=O)c1ccc(NC(=O)NCC2CCN(Cc3ccc(CNC(=O)c4cc5cc(C(N)=O)ccc5[nH]4)cc3)CC2)cc1,0,2,1,-13.2757,-13.2757,-13.2757,0.0,-13.2757,0.0,20910,NC(=O)c1ccc(NC(=O)NCC2CCN(Cc3ccc(CNC(=O)c4cc5cc(C(N)=O)ccc5[nH]4)cc3)CC2)cc1,326,329,326,46,326_46-1
NC(=O)c1cccc(C(=O)NCc2cccc(CN3CCC(NC(=O)c4ccc(C(F)(F)F)cc4)C3)c2)c1,0,2,1,-13.2624,-13.2624,-13.2624,0.0,-13.2624,0.0,17416,NC(=O)c1cccc(C(=O)NCc2cccc(CN3CCC(NC(=O)c4ccc(C(F)(F)F)cc4)C3)c2)c1,272,276,272,8,272_8-1
NC(=O)c1cccc(NC(=O)N2CCC(Cc3ccc(CNC(=O)c4cc5ccncc5[nH]4)cc3)CC2)c1,0,5,1,-13.2488,-13.2488,-13.2488,0.0,-13.2488,0.0,21696,NC(=O)c1cccc(NC(=O)N2CCC(Cc3ccc(CNC(=O)c4cc5ccncc5[nH]4)cc3)CC2)c1,339,348,339,0,339_0-1
NC(=O)c1ccc(CNC(=O)C2CCN(Cc3ccc(CNC(=O)c4cc5cc(C(N)=O)ccc5[nH]4)cc3)C2)cc1,0,2,1,-13.2468,-13.2468,-13.2468,0.0,-13.2468,0.0,20986,NC(=O)c1ccc(CNC(=O)C2CCN(Cc3ccc(CNC(=O)c4cc5cc(C(N)=O)ccc5[nH]4)cc3)C2)cc1,327,328,327,58,327_58-3
NC(=O)c1ccc(NC(=O)N2CCN(Cc3ccc(CNC(=O)c4cc5ccccc5[nH]4)cc3)CC2)cc1,0,4,1,-13.2409,-13.2409,-13.2409,0.0,-13.2409,0.0,18638,NC(=O)c1ccc(NC(=O)N2CCN(Cc3ccc(CNC(=O)c4cc5ccccc5[nH]4)cc3)CC2)cc1,291,329,291,14,291_14-1
NC(=O)c1ccc2c(c1)CCN(Cc1ccc(CN3CCC(CNC(=O)Nc4ccccc4)C3)cc1)C2,0,2,1,-13.2251,-13.2251,-13.2251,0.0,-13.2251,0.0,14049,NC(=O)c1ccc2c(c1)CCN(Cc1ccc(CN3CCC(CNC(=O)Nc4ccccc4)C3)cc1)C2,219,226,219,33,219_33-6
NC(=O)c1ccc(CNC(=O)c2ccc(C(=O)N3CCN(Cc4ccc(CNC(=O)c5nc6ccccc6[nH]5)cc4)CC3)nc2)cc1,0,2,1,-13.2112,-13.2112,-13.2112,0.0,-13.2112,0.0,19844,NC(=O)c1ccc(CNC(=O)c2ccc(C(=O)N3CCN(Cc4ccc(CNC(=O)c5nc6ccccc6[nH]5)cc4)CC3)nc2)cc1,310,321,310,4,310_4-1
O=C(NCc1ccc(CN2CCC(CNC(=O)c3cc(C(F)(F)F)c[nH]3)C2)cc1)c1ccc2[nH]ncc2c1,0,2,1,-13.2051,-13.2051,-13.2051,0.0,-13.2051,0.0,22163,O=C(NCc1ccc(CN2CCC(CNC(=O)c3cc(C(F)(F)F)c[nH]3)C2)cc1)c1ccc2[nH]ncc2c1,346,352,346,19,346_19-3
NC(=O)c1ccc(NC(=O)CN2CCN(Cc3ccc(CNC(=O)c4cnc5ccccn5c4=O)cc3)CC2)cc1,0,4,1,-13.2007,-13.2007,-13.2007,0.0,-13.2007,0.0,19846,NC(=O)c1ccc(NC(=O)CN2CCN(Cc3ccc(CNC(=O)c4cnc5ccccn5c4=O)cc3)CC2)cc1,310,315,310,6,310_6-1
Nc1ccc2cccc(NC(=O)NCc3ccc(CN4CCN(C(=O)Nc5ccc(C(F)(F)F)cc5)CC4)cc3)c2n1,0,2,1,-13.1853,-13.1853,-13.1853,0.0,-13.1853,0.0,18387,Nc1ccc2cccc(NC(=O)NCc3ccc(CN4CCN(C(=O)Nc5ccc(C(F)(F)F)cc5)CC4)cc3)c2n1,287,289,287,19,287_19-1
NC(=O)c1cccc(C(=O)N2CCC(Cc3ccc(CNC(=O)c4cc5ccncc5[nH]4)cc3)CC2)c1,0,2,1,-13.1816,-13.1816,-13.1816,0.0,-13.1816,0.0,21871,NC(=O)c1cccc(C(=O)N2CCC(Cc3ccc(CNC(=O)c4cc5ccncc5[nH]4)cc3)CC2)c1,341,343,341,47,341_47-2
Cn1c(C(=O)NCc2ccc(CN3CCN(C(=O)Nc4ccc(C(N)=O)nc4)CC3)cc2)cc2ccccc21,0,2,1,-13.1763,-13.1763,-13.1763,0.0,-13.1763,0.0,19301,Cn1c(C(=O)NCc2ccc(CN3CCN(C(=O)Nc4ccc(C(N)=O)nc4)CC3)cc2)cc2ccccc21,301,303,301,37,301_37-1
NC(=O)c1cccc(C(=O)CN2CCN(Cc3ccc(CNC(=O)c4c[nH]c(=O)[nH]c4=O)cc3)CC2)c1,0,2,1,-13.1554,-13.1554,-13.1554,0.0,-13.1554,0.0,19061,NC(=O)c1cccc(C(=O)CN2CCN(Cc3ccc(CNC(=O)c4c[nH]c(=O)[nH]c4=O)cc3)CC2)c1,297,305,297,53,297_53-1
NC(=O)c1cccc(NC(=O)N2CCC(Cc3ccc(CNC(=O)c4cc5nc(N)ncc5[nH]4)cc3)CC2)c1,0,2,1,-13.1456,-13.1456,-13.1456,0.0,-13.1456,0.0,22189,NC(=O)c1cccc(NC(=O)N2CCC(Cc3ccc(CNC(=O)c4cc5nc(N)ncc5[nH]4)cc3)CC2)c1,346,348,346,45,346_45-1
NC(=O)c1ccc(C(=O)CN2CCC(c3ccc(CNC(=O)c4cc5ccc(C(N)=O)cc5[nH]4)cc3)C2)cc1,0,2,1,-13.1272,-13.1272,-13.1272,0.0,-13.1272,0.0,21259,NC(=O)c1ccc(C(=O)CN2CCC(c3ccc(CNC(=O)c4cc5ccc(C(N)=O)cc5[nH]4)cc3)C2)cc1,332,336,332,11,332_11-2
NC(=O)c1cccc(NC(=O)N2CCC(Cc3ccc(CNC(=O)c4cc5ncncc5[nH]4)cc3)CC2)c1,0,4,1,-13.1152,-13.1152,-13.1152,0.0,-13.1152,0.0,22062,NC(=O)c1cccc(NC(=O)N2CCC(Cc3ccc(CNC(=O)c4cc5ncncc5[nH]4)cc3)CC2)c1,344,355,344,46,344_46-1
NC(Cc1ccc(C(F)(F)F)cc1)NC(=O)C1CCN(Cc2ccc(CNC(=O)c3cc4cccnc4[nH]3)cc2)C1,0,3,1,-13.1065,-13.1065,-13.106500000000002,2.175583928816829e-15,-13.1065,0.0,20524,NC(Cc1ccc(C(F)(F)F)cc1)NC(=O)C1CCN(Cc2ccc(CNC(=O)c3cc4cccnc4[nH]3)cc2)C1,320,331,320,44,320_44-7
NC(=O)c1cccc(NC(=O)NCC2CCN(Cc3ccc(CNC(=O)c4cc5ccccc5[nH]4)cc3)C2)c1,0,4,1,-13.0964,-13.0964,-13.0964,0.0,-13.0964,0.0,20908,NC(=O)c1cccc(NC(=O)NCC2CCN(Cc3ccc(CNC(=O)c4cc5ccccc5[nH]4)cc3)C2)c1,326,330,326,44,326_44-3
NC(=O)c1cccc(NC(=O)N2CCN(Cc3ccc(CNC(=O)c4cc5ccccc5[nH]4)cc3)CC2)c1,0,2,1,-13.0937,-13.0937,-13.0937,0.0,-13.0937,0.0,19169,NC(=O)c1cccc(NC(=O)N2CCN(Cc3ccc(CNC(=O)c4cc5ccccc5[nH]4)cc3)CC2)c1,299,324,299,33,299_33-1
NC(=O)c1ccc(C(=O)NCc2ccc(CN3CCC(CNC(=O)Nc4ccccc4)C3)cc2)cc1,0,2,1,-13.0926,-13.0926,-13.0926,0.0,-13.0926,0.0,13298,NC(=O)c1ccc(C(=O)NCc2ccc(CN3CCC(CNC(=O)Nc4ccccc4)C3)cc2)cc1,207,222,207,50,207_50-3
NC(=O)c1ccc(NC(=O)N2CCN(Cc3ccc(CNC(=O)c4ncnc5c(N)ncnc45)cc3)CC2)cc1,0,2,1,-13.0762,-13.0762,-13.0762,0.0,-13.0762,0.0,18616,NC(=O)c1ccc(NC(=O)N2CCN(Cc3ccc(CNC(=O)c4ncnc5c(N)ncnc45)cc3)CC2)cc1,290,294,290,56,290_56-1
NC(=O)c1ccc(NC(=O)N2CCN(Cc3ccc(CNC(=O)c4ncnc5ccccc45)cc3)CC2)cc1,0,3,1,-13.0697,-13.0697,-13.0697,0.0,-13.0697,0.0,18990,NC(=O)c1ccc(NC(=O)N2CCN(Cc3ccc(CNC(=O)c4ncnc5ccccc45)cc3)CC2)cc1,296,306,296,46,296_46-1
NC(=O)c1ccc(OCc2cccc(CN3CCC(CNC(=O)c4cc5ccc(N)nc5[nH]4)CC3)c2)cc1,0,2,1,-13.0678,-13.0678,-13.0678,0.0,-13.0678,0.0,16083,NC(=O)c1ccc(OCc2cccc(CN3CCC(CNC(=O)c4cc5ccc(N)nc5[nH]4)CC3)c2)cc1,251,270,251,19,251_19-1
NC(Cc1ccc(C(F)(F)F)cc1)NC(=O)C1CCN(Cc2ccc(CNC(=O)c3cc4ccncc4[nH]3)cc2)C1,0,3,1,-13.0574,-13.0574,-13.0574,0.0,-13.0574,0.0,20672,NC(Cc1ccc(C(F)(F)F)cc1)NC(=O)C1CCN(Cc2ccc(CNC(=O)c3cc4ccncc4[nH]3)cc2)C1,323,339,323,0,323_0-15
NC(=O)c1cccc(C(=O)NCc2cccc(CN3CCC(NC(=O)c4ccc5c(c4)CCO5)C3)c2)c1,0,2,1,-13.0567,-13.0567,-13.0567,0.0,-13.0567,0.0,16547,NC(=O)c1cccc(C(=O)NCc2cccc(CN3CCC(NC(=O)c4ccc5c(c4)CCO5)C3)c2)c1,258,262,258,35,258_35-2
Cn1cc(C(=O)NCc2ccc(CN3CCN(CC(=O)Nc4ccc(C(N)=O)cc4)CC3)cc2)c2ccccc21,0,4,1,-13.0472,-13.0472,-13.0472,0.0,-13.0472,0.0,19489,Cn1cc(C(=O)NCc2ccc(CN3CCN(CC(=O)Nc4ccc(C(N)=O)cc4)CC3)cc2)c2ccccc21,304,306,304,33,304_33-1
NC(=O)c1ccc(C(=O)CN2CCC(Cc3ccc(CNC(=O)c4cc5cncnc5[nH]4)cc3)CC2)cc1,0,2,1,-13.034,-13.034,-13.034,0.0,-13.034,0.0,21646,NC(=O)c1ccc(C(=O)CN2CCC(Cc3ccc(CNC(=O)c4cc5cncnc5[nH]4)cc3)CC2)cc1,338,341,338,14,338_14-1
NC(=O)c1ccc(NC(=O)N2CCN(Cc3ccc(CNC(=O)Nc4nccc5cc[nH]c45)cc3)CC2)cc1,0,3,1,-13.0315,-13.0315,-13.0315,0.0,-13.0315,0.0,18651,NC(=O)c1ccc(NC(=O)N2CCN(Cc3ccc(CNC(=O)Nc4nccc5cc[nH]c45)cc3)CC2)cc1,291,294,291,27,291_27-2
NC(=O)c1cccc(NC(=O)NCC2CCN(Cc3ccc(CNC(=O)c4cnc5ccccn5c4=O)cc3)CC2)c1,0,2,1,-13.0205,-13.0205,-13.0205,0.0,-13.0205,0.0,19973,NC(=O)c1cccc(NC(=O)NCC2CCN(Cc3ccc(CNC(=O)c4cnc5ccccn5c4=O)cc3)CC2)c1,312,314,312,5,312_5-1
NC(=O)c1ccc(NC(=O)N2CCN(Cc3ccc(CNC(=O)c4ccc5[nH]ncc5c4)cc3)CC2)cc1,0,8,1,-13.0141,-13.0141,-13.0141,0.0,-13.0141,0.0,17801,NC(=O)c1ccc(NC(=O)N2CCN(Cc3ccc(CNC(=O)c4ccc5[nH]ncc5c4)cc3)CC2)cc1,278,283,278,9,278_9-1
NCc1cccc(NC(=O)NCC2CCN(Cc3ccc(CN4CCN(C(=O)Cc5ccc(C(N)=O)cc5)CC4)cc3)CC2)c1,0,2,1,-12.9789,-12.9789,-12.9789,0.0,-12.9789,0.0,11810,NCc1cccc(NC(=O)NCC2CCN(Cc3ccc(CN4CCN(C(=O)Cc5ccc(C(N)=O)cc5)CC4)cc3)CC2)c1,184,186,184,34,184_34-3
NC(=O)c1cccc(CCC2CCN(Cc3ccc(CNC(=O)c4cc5ccncc5[nH]4)cc3)CC2)c1,0,2,1,-12.9531,-12.9531,-12.9531,0.0,-12.9531,0.0,21150,NC(=O)c1cccc(CCC2CCN(Cc3ccc(CNC(=O)c4cc5ccncc5[nH]4)cc3)CC2)c1,330,343,330,30,330_30-3
NC(=O)c1cccc(NC(=O)NCC2CCN(Cc3ccc(CNC(=O)c4ccc5[nH]ncc5c4)cc3)CC2)c1,0,2,1,-12.952,-12.952,-12.952,0.0,-12.952,0.0,18028,NC(=O)c1cccc(NC(=O)NCC2CCN(Cc3ccc(CNC(=O)c4ccc5[nH]ncc5c4)cc3)CC2)c1,281,283,281,44,281_44-1
NC(=O)c1ccc(CC(N)NC(=O)C2CCN(Cc3ccc(CNC(=O)c4nc5ccccc5[nH]4)cc3)C2)cc1,0,2,1,-12.95,-12.95,-12.95,0.0,-12.95,0.0,20438,NC(=O)c1ccc(CC(N)NC(=O)C2CCN(Cc3ccc(CNC(=O)c4nc5ccccc5[nH]4)cc3)C2)cc1,319,331,319,22,319_22-12
NC(=O)c1cccc(NC(=O)N2CCN(Cc3ccc(CNC(=O)c4cccc(C(N)=O)c4)cc3)CC2)c1,0,2,1,-12.9472,-12.9472,-12.9472,0.0,-12.9472,0.0,16772,NC(=O)c1cccc(NC(=O)N2CCN(Cc3ccc(CNC(=O)c4cccc(C(N)=O)c4)cc3)CC2)c1,262,305,262,4,262_4-1
NC(Cc1ccc(C(F)(F)F)cc1)C(=O)N1CCN(Cc2ccc(CNC(=O)c3cc4ccncc4[nH]3)cc2)CC1,0,2,1,-12.9368,-12.9368,-12.9368,0.0,-12.9368,0.0,21521,NC(Cc1ccc(C(F)(F)F)cc1)C(=O)N1CCN(Cc2ccc(CNC(=O)c3cc4ccncc4[nH]3)cc2)CC1,336,336,336,17,336_17-2
NC(=O)c1cccc(C(=O)NCc2ccc(CN3CCC(CNC(=O)c4ccc5c(c4)OCO5)CC3)cc2)c1,0,7,1,-12.9339,-12.9339,-12.933899999999998,1.9186846773327266e-15,-12.9339,0.0,16359,NC(=O)c1cccc(C(=O)NCc2ccc(CN3CCC(CNC(=O)c4ccc5c(c4)OCO5)CC3)cc2)c1,255,264,255,39,255_39-1
NC(=O)c1cccc(NC(=O)NCC2CCN(Cc3ccc(C(=O)Nc4cccc(C(N)=O)c4)cc3)C2)c1,0,2,1,-12.93,-12.93,-12.93,0.0,-12.93,0.0,12668,NC(=O)c1cccc(NC(=O)NCC2CCN(Cc3ccc(C(=O)Nc4cccc(C(N)=O)c4)cc3)C2)c1,197,204,197,60,197_60-3
NC(=O)c1cccc(CC(N)C(=O)N2CCC(Cc3ccc(CNC(=O)c4cc5ccncc5[nH]4)cc3)CC2)c1,0,2,1,-12.9228,-12.9228,-12.9228,0.0,-12.9228,0.0,21969,NC(=O)c1cccc(CC(N)C(=O)N2CCC(Cc3ccc(CNC(=O)c4cc5ccncc5[nH]4)cc3)CC2)c1,343,351,343,17,343_17-1
NC(=O)c1ccc(NC(=O)NCC2CCN(Cc3ccc(CNC(=O)c4ccc5[nH]ncc5c4)cc3)CC2)cc1,0,3,1,-12.8818,-12.8818,-12.8818,0.0,-12.8818,0.0,17665,NC(=O)c1ccc(NC(=O)NCC2CCN(Cc3ccc(CNC(=O)c4ccc5[nH]ncc5c4)cc3)CC2)cc1,276,281,276,1,276_1-1
O=C(NCC1CCN(Cc2ccc(CNC(=O)c3nc4ccccc4[nH]3)cc2)C1)Nc1cccc(C(F)(F)F)c1,0,4,1,-12.8818,-12.8818,-12.8818,0.0,-12.8818,0.0,21213,O=C(NCC1CCN(Cc2ccc(CNC(=O)c3nc4ccccc4[nH]3)cc2)C1)Nc1cccc(C(F)(F)F)c1,331,339,331,29,331_29-3
NC(=O)c1cccc(NC(=O)C2CCN(Cc3ccc(CNC(=O)c4cc5ccccc5[nH]4)cc3)C2)c1,0,3,1,-12.8794,-12.8794,-12.879399999999999,2.175583928816829e-15,-12.8794,0.0,20973,NC(=O)c1cccc(NC(=O)C2CCN(Cc3ccc(CNC(=O)c4cc5ccccc5[nH]4)cc3)C2)c1,327,329,327,45,327_45-2
O=C(NCC1CCN(Cc2ccc(CNC(=O)c3ccc4ncncc4c3)cc2)CC1)Nc1ccccc1,0,3,1,-12.8779,-12.8779,-12.877900000000002,2.175583928816829e-15,-12.8779,0.0,20017,O=C(NCC1CCN(Cc2ccc(CNC(=O)c3ccc4ncncc4c3)cc2)CC1)Nc1ccccc1,312,318,312,49,312_49-1
O=C(NCC1CCN(Cc2ccc(CNC(=O)c3ccc4ncncc4c3)cc2)C1)Nc1ccccc1,0,6,1,-12.8743,-12.8743,-12.8743,0.0,-12.8743,0.0,19720,O=C(NCC1CCN(Cc2ccc(CNC(=O)c3ccc4ncncc4c3)cc2)C1)Nc1ccccc1,308,317,308,8,308_8-4
NC(=O)c1ccc(NC(=O)CCN2CCC(c3ccc(CNC(=O)c4cc5ccncc5[nH]4)cc3)C2)cc1,0,3,1,-12.8646,-12.8646,-12.864600000000001,2.175583928816829e-15,-12.8646,0.0,21633,NC(=O)c1ccc(NC(=O)CCN2CCC(c3ccc(CNC(=O)c4cc5ccncc5[nH]4)cc3)C2)cc1,338,346,338,1,338_1-1
NC(=O)c1cccc(C(=O)N2CCN(Cc3ccc(CNC(=O)c4nc5c(N)nccc5[nH]4)cc3)CC2)c1,0,2,1,-12.8635,-12.8635,-12.8635,0.0,-12.8635,0.0,18908,NC(=O)c1cccc(C(=O)N2CCN(Cc3ccc(CNC(=O)c4nc5c(N)nccc5[nH]4)cc3)CC2)c1,295,299,295,28,295_28-2
NC(Cc1ccc(C(F)(F)F)cc1)NC(=O)C1CCN(Cc2ccc(CNC(=O)c3cnc4ccccn4c3=O)cc2)C1,0,3,1,-12.8578,-12.8578,-12.8578,0.0,-12.8578,0.0,20086,NC(Cc1ccc(C(F)(F)F)cc1)NC(=O)C1CCN(Cc2ccc(CNC(=O)c3cnc4ccccn4c3=O)cc2)C1,313,329,313,54,313_54-2
NC(=O)c1ccc(CC(N)NC(=O)C2CCN(Cc3ccc(CNC(=O)c4cc5ccccc5[nH]4)cc3)C2)cc1,0,2,1,-12.8307,-12.8307,-12.8307,0.0,-12.8307,0.0,20771,NC(=O)c1ccc(CC(N)NC(=O)C2CCN(Cc3ccc(CNC(=O)c4cc5ccccc5[nH]4)cc3)C2)cc1,324,327,324,35,324_35-1
O=C(CCN1CCC(c2ccc(CNC(=O)c3cc4ccncc4[nH]3)cc2)C1)c1ccc(C(F)(F)F)cc1,0,2,1,-12.8293,-12.8293,-12.8293,0.0,-12.8293,0.0,21725,O=C(CCN1CCC(c2ccc(CNC(=O)c3cc4ccncc4[nH]3)cc2)C1)c1ccc(C(F)(F)F)cc1,339,341,339,29,339_29-2
NC(=O)c1cccc(C(=O)N2CCN(Cc3ccc(CNC(=O)c4cc5c(=O)[nH]c(=O)[nH]c5[nH]4)cc3)CC2)c1,0,3,1,-12.8262,-12.8262,-12.8262,0.0,-12.8262,0.0,19052,NC(=O)c1cccc(C(=O)N2CCN(Cc3ccc(CNC(=O)c4cc5c(=O)[nH]c(=O)[nH]c5[nH]4)cc3)CC2)c1,297,303,297,44,297_44-2
O=C(CN1CCC(Cc2ccc(CNC(=O)c3cc4ccccc4[nH]3)cc2)CC1)c1ccc(C(F)(F)F)cc1,0,2,1,-12.8084,-12.8084,-12.8084,0.0,-12.8084,0.0,21246,O=C(CN1CCC(Cc2ccc(CNC(=O)c3cc4ccccc4[nH]3)cc2)CC1)c1ccc(C(F)(F)F)cc1,331,335,331,62,331_62-1
NC(=O)c1ccc(CCN2CCC(c3ccc(CNC(=O)c4cc5ccccc5[nH]4)cc3)C2)cc1,0,2,1,-12.8065,-12.8065,-12.8065,0.0,-12.8065,0.0,21198,NC(=O)c1ccc(CCN2CCC(c3ccc(CNC(=O)c4cc5ccccc5[nH]4)cc3)C2)cc1,331,331,331,14,331_14-1
O=C(NCc1ccc(CN2CCC(CNC(=O)c3cc(C(F)(F)F)ccn3)C2)cc1)Nc1n[nH]c2ccccc12,0,2,1,-12.8036,-12.8036,-12.8036,0.0,-12.8036,0.0,17751,O=C(NCc1ccc(CN2CCC(CNC(=O)c3cc(C(F)(F)F)ccn3)C2)cc1)Nc1n[nH]c2ccccc12,277,286,277,23,277_23-3
NC(=O)c1ccc(NC(=O)N2CCN(Cc3ccc(CNC(=O)c4ccnc5[nH]ccc45)cc3)CC2)cn1,0,2,1,-12.7975,-12.7975,-12.7975,0.0,-12.7975,0.0,19233,NC(=O)c1ccc(NC(=O)N2CCN(Cc3ccc(CNC(=O)c4ccnc5[nH]ccc45)cc3)CC2)cn1,300,302,300,33,300_33-1
NC(=O)c1ccc(OCc2ccc(CN3CCC(CNC(=O)Nc4ccccc4)C3)cc2)cc1,0,2,1,-12.7962,-12.7962,-12.7962,0.0,-12.7962,0.0,14359,NC(=O)c1ccc(OCc2ccc(CN3CCC(CNC(=O)Nc4ccccc4)C3)cc2)cc1,224,226,224,23,224_23-3
CN1CCc2[nH]c(C(=O)NCc3ccc(CN4CCN(C(=O)Nc5ccc(C(N)=O)cc5)CC4)cc3)nc2C1,0,2,1,-12.7914,-12.7914,-12.7914,0.0,-12.7914,0.0,18421,CN1CCc2[nH]c(C(=O)NCc3ccc(CN4CCN(C(=O)Nc5ccc(C(N)=O)cc5)CC4)cc3)nc2C1,287,291,287,53,287_53-2
NC(=O)c1cccc(C(=O)N2CCN(Cc3ccc(CNC(=O)c4cc5ccccn5c4)cc3)CC2)c1,0,2,1,-12.7844,-12.7844,-12.7844,0.0,-12.7844,0.0,19250,NC(=O)c1cccc(C(=O)N2CCN(Cc3ccc(CNC(=O)c4cc5ccccn5c4)cc3)CC2)c1,300,320,300,50,300_50-1
O=C(NCC1CCN(Cc2ccc(CNC(=O)c3cc4cnccc4[nH]3)cc2)C1)c1ccc(C(F)(F)F)cc1,0,2,1,-12.7758,-12.7758,-12.7758,0.0,-12.7758,0.0,21096,O=C(NCC1CCN(Cc2ccc(CNC(=O)c3cc4cnccc4[nH]3)cc2)C1)c1ccc(C(F)(F)F)cc1,329,334,329,40,329_40-2
NC(=O)c1cccc(NC(=O)CN2CCN(Cc3ccc(CNC(=O)c4cc5cnccc5cn4)cc3)CC2)c1,0,2,1,-12.771,-12.771,-12.771,0.0,-12.771,0.0,19985,NC(=O)c1cccc(NC(=O)CN2CCN(Cc3ccc(CNC(=O)c4cc5cnccc5cn4)cc3)CC2)c1,312,315,312,17,312_17-1
NC(=O)c1cccc(NC(=O)NC2CCN(Cc3ccc(CNC(=O)c4ccc5[nH]ncc5c4)cc3)C2)c1,0,3,1,-12.7684,-12.7684,-12.7684,0.0,-12.7684,0.0,17831,NC(=O)c1cccc(NC(=O)NC2CCN(Cc3ccc(CNC(=O)c4ccc5[nH]ncc5c4)cc3)C2)c1,278,279,278,39,278_39-3
O=C(NCc1ccc(CC2CCN(C(=O)c3ccc(C(F)(F)F)cc3)CC2)cc1)c1cc2ccncc2[nH]1,0,2,1,-12.7529,-12.7529,-12.7529,0.0,-12.7529,0.0,21496,O=C(NCc1ccc(CC2CCN(C(=O)c3ccc(C(F)(F)F)cc3)CC2)cc1)c1cc2ccncc2[nH]1,335,337,335,56,335_56-1
NC(=O)c1ccc(NC(=O)N2CCN(Cc3ccc(CNC(=O)c4nccc5ccccc45)cc3)CC2)cn1,0,2,1,-12.7431,-12.7431,-12.7431,0.0,-12.7431,0.0,19067,NC(=O)c1ccc(NC(=O)N2CCN(Cc3ccc(CNC(=O)c4nccc5ccccc45)cc3)CC2)cn1,297,301,297,59,297_59-1
NC(=O)c1c[nH]c(C(=O)NCC2CCN(Cc3ccc(CNC(=O)c4cc5ccccc5[nH]4)cc3)C2)c1,0,2,1,-12.7381,-12.7381,-12.7381,0.0,-12.7381,0.0,20948,NC(=O)c1c[nH]c(C(=O)NCC2CCN(Cc3ccc(CNC(=O)c4cc5ccccc5[nH]4)cc3)C2)c1,327,337,327,20,327_20-2
NC(=O)C(=O)N1CCC(CCN2CCC(c3ccc(CNC(=O)c4cc5ccncc5[nH]4)cc3)C2)CC1,0,2,1,-12.723,-12.723,-12.723,0.0,-12.723,0.0,21880,NC(=O)C(=O)N1CCC(CCN2CCC(c3ccc(CNC(=O)c4cc5ccncc5[nH]4)cc3)C2)CC1,341,344,341,56,341_56-6
NC(=O)c1ccc(NC(=O)CN2CCC(Cc3ccc(CNC(=O)c4cc5ccncc5[nH]4)cc3)CC2)cc1,0,2,1,-12.7203,-12.7203,-12.7203,0.0,-12.7203,0.0,21404,NC(=O)c1ccc(NC(=O)CN2CCC(Cc3ccc(CNC(=O)c4cc5ccncc5[nH]4)cc3)CC2)cc1,334,335,334,28,334_28-1
NC(=O)c1ccc(NC(=O)N2CCC(Cc3ccc(CNC(=O)c4cc5ccncc5[nH]4)cc3)CC2)cc1,0,6,1,-12.7156,-12.7156,-12.7156,0.0,-12.7156,0.0,21563,NC(=O)c1ccc(NC(=O)N2CCC(Cc3ccc(CNC(=O)c4cc5ccncc5[nH]4)cc3)CC2)cc1,336,352,336,59,336_59-1
NC(=O)c1ccc2ccc(C(=O)NCc3ccc(CN4CCC(NC(=O)Nc5ccc6c(c5)OCO6)C4)cc3)cc2c1,0,2,1,-12.7062,-12.7062,-12.7062,0.0,-12.7062,0.0,16270,NC(=O)c1ccc2ccc(C(=O)NCc3ccc(CN4CCC(NC(=O)Nc5ccc6c(c5)OCO6)C4)cc3)cc2c1,254,254,254,14,254_14-2
NC(=O)c1ccc(NC(=O)N2CCN(Cc3ccc(CNC(=O)c4ccc5ccncc5c4)cc3)CC2)cc1,0,3,1,-12.6878,-12.6878,-12.687800000000001,2.175583928816829e-15,-12.6878,0.0,20008,NC(=O)c1ccc(NC(=O)N2CCN(Cc3ccc(CNC(=O)c4ccc5ccncc5c4)cc3)CC2)cc1,312,317,312,40,312_40-1
NC(C(=O)NCC1CCN(Cc2ccc(CNC(=O)c3cc4ccccc4[nH]3)cc2)CC1)c1ccccc1,0,2,1,-12.6777,-12.6777,-12.6777,0.0,-12.6777,0.0,20978,NC(C(=O)NCC1CCN(Cc2ccc(CNC(=O)c3cc4ccccc4[nH]3)cc2)CC1)c1ccccc1,327,332,327,50,327_50-6
NC(=O)c1cccc(C(=O)N2CCN(Cc3ccc(CNC(=O)c4ccc5ncncc5c4)cc3)CC2)c1,0,5,1,-12.6704,-12.6704,-12.6704,0.0,-12.6704,0.0,19600,NC(=O)c1cccc(C(=O)N2CCN(Cc3ccc(CNC(=O)c4ccc5ncncc5c4)cc3)CC2)c1,306,315,306,16,306_16-2
O=C(Nc1ccc(C(F)(F)F)cc1)NC1CCN(Cc2ccc(CNC(=O)c3ccc4[nH]c(=O)[nH]c4c3)cc2)C1,0,2,1,-12.6683,-12.6683,-12.6683,0.0,-12.6683,0.0,18625,O=C(Nc1ccc(C(F)(F)F)cc1)NC1CCN(Cc2ccc(CNC(=O)c3ccc4[nH]c(=O)[nH]c4c3)cc2)C1,291,298,291,1,291_1-3
NC(=O)c1cccc(NC(=O)NCc2ccc(CN3CCC(CNC(=O)Nc4cccc(C(N)=O)c4)C3)cc2)c1,0,2,1,-12.6551,-12.6551,-12.6551,0.0,-12.6551,0.0,11322,NC(=O)c1cccc(NC(=O)NCc2ccc(CN3CCC(CNC(=O)Nc4cccc(C(N)=O)c4)C3)cc2)c1,176,194,176,58,176_58-3
NC(=O)c1cc(C(=O)NCc2ccc(C3CCN(CCC4CCN(C(=O)c5cccc(C(F)(F)F)c5)C4)C3)cc2)[nH]n1,0,2,1,-12.65,-12.65,-12.65,0.0,-12.65,0.0,21687,NC(=O)c1cc(C(=O)NCc2ccc(C3CCN(CCC4CCN(C(=O)c5cccc(C(F)(F)F)c5)C4)C3)cc2)[nH]n1,338,340,338,55,338_55-4
Nc1ncnc2ccc(C(=O)NCc3ccc(CN4CCC(CNC(=O)Nc5ccccc5)CC4)cc3)cc12,0,2,1,-12.6461,-12.6461,-12.6461,0.0,-12.6461,0.0,19875,Nc1ncnc2ccc(C(=O)NCc3ccc(CN4CCC(CNC(=O)Nc5ccccc5)CC4)cc3)cc12,310,318,310,35,310_35-1
O=C(NCc1ccc(CN2CCN(C(=O)Nc3ccc(C(F)(F)F)cc3)CC2)cc1)c1cnc2[nH]ncc2c1,0,2,1,-12.6436,-12.6436,-12.6436,0.0,-12.6436,0.0,17967,O=C(NCc1ccc(CN2CCN(C(=O)Nc3ccc(C(F)(F)F)cc3)CC2)cc1)c1cnc2[nH]ncc2c1,280,280,280,47,280_47-1
NC(=O)c1ccc(NC(=O)N2CCN(Cc3ccc(CNC(=O)c4cc5ncccc5[nH]4)cc3)CC2)cn1,0,2,1,-12.6435,-12.6435,-12.6435,0.0,-12.6435,0.0,18946,NC(=O)c1ccc(NC(=O)N2CCN(Cc3ccc(CNC(=O)c4cc5ncccc5[nH]4)cc3)CC2)cn1,296,301,296,2,296_2-1
NC(=O)c1cc(C(=O)NCc2ccc(CN3CCC(CNC(=O)c4ccc(C(N)=O)[nH]4)C3)cc2)[nH]n1,0,2,1,-12.6386,-12.6386,-12.6386,0.0,-12.6386,0.0,22398,NC(=O)c1cc(C(=O)NCc2ccc(CN3CCC(CNC(=O)c4ccc(C(N)=O)[nH]4)C3)cc2)[nH]n1,349,350,349,62,349_62-3
NC(=O)c1ccc(NC(=O)N2CCN(Cc3ccc(CNC(=O)c4cnc5[nH]ccc5c4)cc3)CC2)cc1,0,2,1,-12.6381,-12.6381,-12.6381,0.0,-12.6381,0.0,17838,NC(=O)c1ccc(NC(=O)N2CCN(Cc3ccc(CNC(=O)c4cnc5[nH]ccc5c4)cc3)CC2)cc1,278,302,278,46,278_46-1
NC(=O)c1cccc(C(=O)NCc2ccc(CN3CCN(C(=O)Nc4ccc(C(F)(F)F)cc4)CC3)cc2)c1,0,2,1,-12.629,-12.629,-12.629,0.0,-12.629,0.0,17597,NC(=O)c1cccc(C(=O)NCc2ccc(CN3CCN(C(=O)Nc4ccc(C(F)(F)F)cc4)CC3)cc2)c1,274,298,274,61,274_61-2
O=C(NCC1CCN(Cc2ccc(CNC(=O)c3cc4ccccc4[nH]3)cc2)CC1)c1ccc2[nH]cnc2c1,0,2,1,-12.6236,-12.6236,-12.6236,0.0,-12.6236,0.0,17273,O=C(NCC1CCN(Cc2ccc(CNC(=O)c3cc4ccccc4[nH]3)cc2)CC1)c1ccc2[nH]cnc2c1,269,271,269,57,269_57-3
NC(=O)c1ccc(NC(=O)CN2CCN(Cc3ccc(CNC(=O)c4ccc5ncncc5c4)cc3)CC2)cc1,0,4,1,-12.6216,-12.6216,-12.6216,0.0,-12.6216,0.0,19595,NC(=O)c1ccc(NC(=O)CN2CCN(Cc3ccc(CNC(=O)c4ccc5ncncc5c4)cc3)CC2)cc1,306,317,306,11,306_11-1
NC(=O)c1ccc(NC(=O)CCN2CCC(c3ccc(CNC(=O)c4nc5ccccc5[nH]4)cc3)C2)cc1,0,2,1,-12.6188,-12.6188,-12.6188,0.0,-12.6188,0.0,20623,NC(=O)c1ccc(NC(=O)CCN2CCC(c3ccc(CNC(=O)c4nc5ccccc5[nH]4)cc3)C2)cc1,322,347,322,15,322_15-1
NC(=O)c1ccc(CCc2cccc(CN3CCC(CNC(=O)CNC(=O)Nc4ccccc4)C3)c2)cc1,0,2,1,-12.6164,-12.6164,-12.6164,0.0,-12.6164,0.0,14491,NC(=O)c1ccc(CCc2cccc(CN3CCC(CNC(=O)CNC(=O)Nc4ccccc4)C3)c2)cc1,226,228,226,27,226_27-2
NC(=O)c1ccc(NC(=O)N2CCN(Cc3ccc(CNC(=O)c4ccc5[nH]cnc5c4)cc3)CC2)cn1,0,3,1,-12.6042,-12.6042,-12.6042,0.0,-12.6042,0.0,18912,NC(=O)c1ccc(NC(=O)N2CCN(Cc3ccc(CNC(=O)c4ccc5[nH]cnc5c4)cc3)CC2)cn1,295,300,295,32,295_32-2
NC(=O)c1ccc(C(=O)NCc2ccc(CN3CCC(CNC(=O)c4ccc5c(c4)OCCO5)C3)cc2)cc1,0,2,1,-12.603,-12.603,-12.603,0.0,-12.603,0.0,16018,NC(=O)c1ccc(C(=O)NCc2ccc(CN3CCC(CNC(=O)c4ccc5c(c4)OCCO5)C3)cc2)cc1,250,257,250,18,250_18-3
Cn1cc(C(=O)NCc2ccc(CN3CCN(C(=O)c4cccc(C(N)=O)c4)CC3)cc2)c2ccccc21,0,6,1,-12.6007,-12.6007,-12.600700000000002,1.9459014222361975e-15,-12.6007,0.0,19319,Cn1cc(C(=O)NCc2ccc(CN3CCN(C(=O)c4cccc(C(N)=O)c4)CC3)cc2)c2ccccc21,301,304,301,55,301_55-2
NC(=O)c1ccc(C2CC2c2ccc(C(=O)N3Cc4ccc(C(N)=O)cc4C3)cc2)cc1,0,2,1,-12.5993,-12.5993,-12.5993,0.0,-12.5993,0.0,8771,NC(=O)c1ccc(C2CC2c2ccc(C(=O)N3Cc4ccc(C(N)=O)cc4C3)cc2)cc1,137,141,137,3,137_3-1
NC(=O)c1ccc(N2CCN(CC3CCN(Cc4ccc(CNC(=O)c5cc6ncncc6[nH]5)cc4)C3)CC2)cc1,0,2,1,-12.598,-12.598,-12.598,0.0,-12.598,0.0,22511,NC(=O)c1ccc(N2CCN(CC3CCN(Cc4ccc(CNC(=O)c5cc6ncncc6[nH]5)cc4)C3)CC2)cc1,351,355,351,47,351_47-4
NC(=O)c1cc(C(=O)NCc2ccc(C3CCN(CCC4CCN(C(=O)c5ccc(C(F)(F)F)cc5)CC4)C3)cc2)[nH]n1,0,2,1,-12.5967,-12.5967,-12.5967,0.0,-12.5967,0.0,21793,NC(=O)c1cc(C(=O)NCc2ccc(C3CCN(CCC4CCN(C(=O)c5ccc(C(F)(F)F)cc5)CC4)C3)cc2)[nH]n1,340,343,340,33,340_33-4
NC(=O)c1cccc(C(=O)N2CCN(Cc3ccc(CNC(=O)c4ncnc5ccccc45)cc3)CC2)c1,0,2,1,-12.5963,-12.5963,-12.5963,0.0,-12.5963,0.0,19263,NC(=O)c1cccc(C(=O)N2CCN(Cc3ccc(CNC(=O)c4ncnc5ccccc45)cc3)CC2)c1,300,301,300,63,300_63-2
NC(=O)c1cccc(C(=O)NCc2ccc(CN3CCC(NC(=O)c4ccc5c(c4)OCO5)C3)cc2)c1,0,3,1,-12.5961,-12.5961,-12.5961,0.0,-12.5961,0.0,16183,NC(=O)c1cccc(C(=O)NCc2ccc(CN3CCC(NC(=O)c4ccc5c(c4)OCO5)C3)cc2)c1,252,260,252,55,252_55-1
NC(=O)c1ccc(CCCN2CCC(c3ccc(CNC(=O)c4cc5ccncc5[nH]4)cc3)C2)cc1,0,2,1,-12.5951,-12.5951,-12.5951,0.0,-12.5951,0.0,21667,NC(=O)c1ccc(CCCN2CCC(c3ccc(CNC(=O)c4cc5ccncc5[nH]4)cc3)C2)cc1,338,342,338,35,338_35-4
NC(=O)c1cccc(NC(=O)CN2CCC(c3ccc(CNC(=O)c4cc5ccncc5[nH]4)cc3)C2)c1,0,2,1,-12.593,-12.593,-12.593,0.0,-12.593,0.0,21745,NC(=O)c1cccc(NC(=O)CN2CCC(c3ccc(CNC(=O)c4cc5ccncc5[nH]4)cc3)C2)c1,339,340,339,49,339_49-5
NC(=O)c1ccc2[nH]c(C(=O)NCc3ccc(CN4CCC(C(=O)NC(N)Cc5ccc(C(F)(F)F)cc5)C4)cc3)cc2c1,0,2,1,-12.5889,-12.5889,-12.5889,0.0,-12.5889,0.0,20962,NC(=O)c1ccc2[nH]c(C(=O)NCc3ccc(CN4CCC(C(=O)NC(N)Cc5ccc(C(F)(F)F)cc5)C4)cc3)cc2c1,327,333,327,34,327_34-1
NC(=O)c1cccc(C(=O)NCc2ccc(CN3CCC(NC(=O)Nc4ccc5c(c4)OCCO5)CC3)cc2)c1,0,3,1,-12.5792,-12.5792,-12.5792,0.0,-12.5792,0.0,15507,NC(=O)c1cccc(C(=O)NCc2ccc(CN3CCC(NC(=O)Nc4ccc5c(c4)OCCO5)CC3)cc2)c1,242,258,242,19,242_19-1
O=C(Nc1ccc(C(F)(F)F)cc1)NC1CCN(Cc2ccc(CNC(=O)c3ccc4[nH]ncc4c3)cc2)C1,0,2,1,-12.5597,-12.5597,-12.5597,0.0,-12.5597,0.0,17813,O=C(Nc1ccc(C(F)(F)F)cc1)NC1CCN(Cc2ccc(CNC(=O)c3ccc4[nH]ncc4c3)cc2)C1,278,279,278,21,278_21-3
N#Cc1cnc(C(=O)NCc2ccc(CN3CCN(C(=O)Nc4ccc(C(N)=O)cc4)CC3)cc2)[nH]1,0,2,1,-12.5587,-12.5587,-12.5587,0.0,-12.5587,0.0,19326,N#Cc1cnc(C(=O)NCc2ccc(CN3CCN(C(=O)Nc4ccc(C(N)=O)cc4)CC3)cc2)[nH]1,301,328,301,62,301_62-1
Cn1cc(C(=O)NCc2ccc(CN3CCN(C(=O)c4ccc(C(N)=O)cc4)CC3)cc2)c2ccccc21,0,2,1,-12.5315,-12.5315,-12.5315,0.0,-12.5315,0.0,19393,Cn1cc(C(=O)NCc2ccc(CN3CCN(C(=O)c4ccc(C(N)=O)cc4)CC3)cc2)c2ccccc21,303,308,303,1,303_1-1
Cn1cc(C(=O)NCc2ccc(CN3CCC(CNC(=O)c4ccc(C(F)(F)F)nc4)CC3)cc2)c2ccccc21,0,2,1,-12.5315,-12.5315,-12.5315,0.0,-12.5315,0.0,19467,Cn1cc(C(=O)NCc2ccc(CN3CCC(CNC(=O)c4ccc(C(F)(F)F)nc4)CC3)cc2)c2ccccc21,304,304,304,11,304_11-1
NC(=O)c1cccc(C(=O)CN2CCN(Cc3ccc(CNC(=O)c4cc5c(=O)[nH]ccc5[nH]4)cc3)CC2)c1,0,2,1,-12.5266,-12.5266,-12.5266,0.0,-12.5266,0.0,19460,NC(=O)c1cccc(C(=O)CN2CCN(Cc3ccc(CNC(=O)c4cc5c(=O)[nH]ccc5[nH]4)cc3)CC2)c1,304,304,304,4,304_4-1
NC(=O)c1ccc(NC(=O)CN2CCN(Cc3ccc(CNC(=O)c4ccc(C(N)=O)cc4)cc3)CC2)cc1,0,2,1,-12.4886,-12.4886,-12.4886,0.0,-12.4886,0.0,19530,NC(=O)c1ccc(NC(=O)CN2CCN(Cc3ccc(CNC(=O)c4ccc(C(N)=O)cc4)cc3)CC2)cc1,305,306,305,10,305_10-1
NC(=O)c1cccc(C(=O)N2CCN(Cc3ccc(CNC(=O)c4cc5ncccc5[nH]4)cc3)CC2)c1,0,3,1,-12.467,-12.467,-12.467,0.0,-12.467,0.0,18975,NC(=O)c1cccc(C(=O)N2CCN(Cc3ccc(CNC(=O)c4cc5ncccc5[nH]4)cc3)CC2)c1,296,302,296,31,296_31-2
O=C(NCC1CCN(Cc2ccc(CN3CCC(NC(=O)Nc4ccccc4)C3)cc2)CC1)Nc1ccccc1,0,4,1,-12.4634,-12.4634,-12.4634,0.0,-12.4634,0.0,11853,O=C(NCC1CCN(Cc2ccc(CN3CCC(NC(=O)Nc4ccccc4)C3)cc2)CC1)Nc1ccccc1,185,312,185,13,185_13-1
O=C(NCC1CCN(Cc2ccc(CNC(=O)c3cc4ccccc4[nH]3)cc2)CC1)Nc1ccc(C(F)(F)F)nc1,0,2,1,-12.4633,-12.4633,-12.4633,0.0,-12.4633,0.0,18841,O=C(NCC1CCN(Cc2ccc(CNC(=O)c3cc4ccccc4[nH]3)cc2)CC1)Nc1ccc(C(F)(F)F)nc1,294,300,294,25,294_25-1
NC(=O)c1ccc(NC(=O)N2CCN(Cc3ccc(CNC(=O)c4ccc5c(c4)CCNCC5)cc3)CC2)cc1,0,4,1,-12.4596,-12.4596,-12.4596,0.0,-12.4596,0.0,17548,NC(=O)c1ccc(NC(=O)N2CCN(Cc3ccc(CNC(=O)c4ccc5c(c4)CCNCC5)cc3)CC2)cc1,274,317,274,12,274_12-2
O=C(NCC1CCN(Cc2ccc(CNC(=O)c3cc4ccccc4[nH]3)cc2)C1)c1ccc(C(F)(F)F)cc1,0,2,1,-12.4456,-12.4456,-12.4456,0.0,-12.4456,0.0,20441,O=C(NCC1CCN(Cc2ccc(CNC(=O)c3cc4ccccc4[nH]3)cc2)C1)c1ccc(C(F)(F)F)cc1,319,332,319,25,319_25-1
NC(=O)c1ccc(C2CC2c2ccc(C3CC3c3cccc(C(N)=O)c3)cc2)cc1,0,5,1,-12.445,-12.445,-12.445,0.0,-12.445,0.0,7972,NC(=O)c1ccc(C2CC2c2ccc(C3CC3c3cccc(C(N)=O)c3)cc2)cc1,124,139,124,36,124_36-2
NC(=O)c1cccc(C(=O)N2CCN(Cc3ccc(CNC(=O)c4ccc5ncccc5c4)cc3)CC2)c1,0,2,1,-12.4422,-12.4422,-12.4422,0.0,-12.4422,0.0,19989,NC(=O)c1cccc(C(=O)N2CCN(Cc3ccc(CNC(=O)c4ccc5ncccc5c4)cc3)CC2)c1,312,315,312,21,312_21-2
O=C(NCC1CCN(Cc2ccc(CNC(=O)Nc3n[nH]c4ccccc34)cc2)C1)Nc1ccc(C(F)(F)F)cc1,0,3,1,-12.4418,-12.4418,-12.4418,0.0,-12.4418,0.0,18377,O=C(NCC1CCN(Cc2ccc(CNC(=O)Nc3n[nH]c4ccccc34)cc2)C1)Nc1ccc(C(F)(F)F)cc1,287,287,287,9,287_9-1
NC(=O)c1ccc(CNc2ccc(CN3CCC(NC(=O)Nc4ccccc4)C3)cc2)cc1,0,2,1,-12.4324,-12.4324,-12.4324,0.0,-12.4324,0.0,13212,NC(=O)c1ccc(CNc2ccc(CN3CCC(NC(=O)Nc4ccccc4)C3)cc2)cc1,206,224,206,28,206_28-3
NC(=O)c1ccc(NC(=O)NCC2CCN(Cc3ccc(CNC(=O)c4cc5ccncc5[nH]4)cc3)C2)cc1,0,2,1,-12.429,-12.429,-12.429,0.0,-12.429,0.0,20658,NC(=O)c1ccc(NC(=O)NCC2CCN(Cc3ccc(CNC(=O)c4cc5ccncc5[nH]4)cc3)C2)cc1,322,341,322,50,322_50-3
NC(=O)c1cccc(C(=O)N2CCN(Cc3ccc(CNC(=O)c4ccc5[nH]ncc5c4)cc3)CC2)c1,0,4,1,-12.425,-12.425,-12.425,0.0,-12.425,0.0,17834,NC(=O)c1cccc(C(=O)N2CCN(Cc3ccc(CNC(=O)c4ccc5[nH]ncc5c4)cc3)CC2)c1,278,284,278,42,278_42-2
O=C(NCc1ccc(CN2CCC(CNC(=O)c3ccc4c(c3)OCO4)CC2)cc1)c1cccc(C(F)(F)F)c1,0,2,1,-12.4241,-12.4241,-12.4241,0.0,-12.4241,0.0,16614,O=C(NCc1ccc(CN2CCC(CNC(=O)c3ccc4c(c3)OCO4)CC2)cc1)c1cccc(C(F)(F)F)c1,259,264,259,38,259_38-1
NC(=O)c1cccc(NC(=O)NCC2CCN(Cc3ccc(CNC(=O)c4cnc5[nH]ccc5c4)cc3)CC2)c1,0,2,1,-12.416,-12.416,-12.416,0.0,-12.416,0.0,17682,NC(=O)c1cccc(NC(=O)NCC2CCN(Cc3ccc(CNC(=O)c4cnc5[nH]ccc5c4)cc3)CC2)c1,276,297,276,18,276_18-1
NC(=O)c1ccc(C(=O)N2CCN(Cc3ccc(CNC(=O)c4cnc5ccccc5n4)cc3)CC2)cc1,0,2,1,-12.4145,-12.4145,-12.4145,0.0,-12.4145,0.0,19552,NC(=O)c1ccc(C(=O)N2CCN(Cc3ccc(CNC(=O)c4cnc5ccccc5n4)cc3)CC2)cc1,305,310,305,32,305_32-1
NC(=O)c1cccc(C(=O)N2CCN(Cc3ccc(CNC(=O)c4ncnc5cccnc45)cc3)CC2)c1,0,2,1,-12.4069,-12.4069,-12.4069,0.0,-12.4069,0.0,19042,NC(=O)c1cccc(C(=O)N2CCN(Cc3ccc(CNC(=O)c4ncnc5cccnc45)cc3)CC2)c1,297,301,297,34,297_34-2
NC(=O)c1cccc(C(=O)N2CCN(Cc3ccc(CNC(=O)c4ccc(C(F)(F)F)nc4)cc3)CC2)c1,0,2,1,-12.4066,-12.4066,-12.4066,0.0,-12.4066,0.0,19369,NC(=O)c1cccc(C(=O)N2CCN(Cc3ccc(CNC(=O)c4ccc(C(F)(F)F)nc4)cc3)CC2)c1,302,305,302,41,302_41-2
NC(=O)c1ccc(CC(=O)NC2CCN(Cc3ccc(COc4cccc(C(N)=O)c4)cc3)C2)cc1,0,2,1,-12.3864,-12.3864,-12.3864,0.0,-12.3864,0.0,13639,NC(=O)c1ccc(CC(=O)NC2CCN(Cc3ccc(COc4cccc(C(N)=O)c4)cc3)C2)cc1,213,214,213,7,213_7-3
NC(=O)c1ccc(C(=O)NCc2ccc(CN3CCC(CNC(=O)c4ccc(C(F)(F)F)nc4)CC3)cc2)cn1,0,2,1,-12.3835,-12.3835,-12.3835,0.0,-12.3835,0.0,19780,NC(=O)c1ccc(C(=O)NCc2ccc(CN3CCC(CNC(=O)c4ccc(C(F)(F)F)nc4)CC3)cc2)cn1,309,314,309,4,309_4-1
NC(=O)c1ccc(C(=O)NCc2ccc(CN3CCC(CNC(=O)c4ccc5c(c4)OCO5)CC3)cc2)cc1,0,4,1,-12.3822,-12.3822,-12.3822,0.0,-12.3822,0.0,16290,NC(=O)c1ccc(C(=O)NCc2ccc(CN3CCC(CNC(=O)c4ccc5c(c4)OCO5)CC3)cc2)cc1,254,262,254,34,254_34-1
O=C(NCC1CCN(Cc2ccc(CNC(=O)c3cnc4ccccc4c3)cc2)CC1)Nc1ccccc1,0,3,1,-12.3748,-12.3748,-12.3748,0.0,-12.3748,0.0,20080,O=C(NCC1CCN(Cc2ccc(CNC(=O)c3cnc4ccccc4c3)cc2)CC1)Nc1ccccc1,313,320,313,48,313_48-1
NC(=O)c1ccc(NC(=O)CN2CCN(Cc3ccc(CNC(=O)c4cc5ccccn5n4)cc3)CC2)cc1,0,2,1,-12.372,-12.372,-12.372,0.0,-12.372,0.0,19851,NC(=O)c1ccc(NC(=O)CN2CCN(Cc3ccc(CNC(=O)c4cc5ccccn5n4)cc3)CC2)cc1,310,319,310,11,310_11-1
NC(=O)c1ccc(NC(=O)N2CCC(Cc3ccc(CNC(=O)c4cc(C(N)=O)n[nH]4)cc3)CC2)cc1,0,3,1,-12.3686,-12.3686,-12.3686,0.0,-12.3686,0.0,22165,NC(=O)c1ccc(NC(=O)N2CCC(Cc3ccc(CNC(=O)c4cc(C(N)=O)n[nH]4)cc3)CC2)cc1,346,351,346,21,346_21-1
O=C(NCc1ccc(CN2CCC(CNC(=O)c3ccc[nH]3)C2)cc1)c1ccc2cnccc2c1,0,2,1,-12.3685,-12.3685,-12.3685,0.0,-12.3685,0.0,20491,O=C(NCc1ccc(CN2CCC(CNC(=O)c3ccc[nH]3)C2)cc1)c1ccc2cnccc2c1,320,330,320,11,320_11-3
NC(=O)c1ccc(CCN2CCC(Cc3ccc(CNC(=O)c4cc5ncncc5[nH]4)cc3)CC2)cc1,0,2,1,-12.3623,-12.3623,-12.3623,0.0,-12.3623,0.0,22321,NC(=O)c1ccc(CCN2CCC(Cc3ccc(CNC(=O)c4cc5ncncc5[nH]4)cc3)CC2)cc1,348,352,348,49,348_49-1
NC(=O)c1ccc(CCN2CCC(c3ccc(CNC(=O)c4cc5ccncc5[nH]4)cc3)C2)cc1,0,3,1,-12.3605,-12.3605,-12.3605,0.0,-12.3605,0.0,21685,NC(=O)c1ccc(CCN2CCC(c3ccc(CNC(=O)c4cc5ccncc5[nH]4)cc3)C2)cc1,338,341,338,53,338_53-2
NC(=O)c1cccc(C(=O)CN2CCN(Cc3ccc(CNC(=O)c4nc5ccccc5[nH]4)cc3)CC2)c1,0,2,1,-12.3603,-12.3603,-12.3603,0.0,-12.3603,0.0,19331,NC(=O)c1cccc(C(=O)CN2CCN(Cc3ccc(CNC(=O)c4nc5ccccc5[nH]4)cc3)CC2)c1,302,302,302,3,302_3-1
NC(=O)c1cccc(C(=O)N2CCN(Cc3ccc(CNC(=O)c4ccc5[nH]c(=O)[nH]c5c4)cc3)CC2)c1,0,6,1,-12.3596,-12.3596,-12.3596,0.0,-12.3596,0.0,18688,NC(=O)c1cccc(C(=O)N2CCN(Cc3ccc(CNC(=O)c4ccc5[nH]c(=O)[nH]c5c4)cc3)CC2)c1,292,301,292,0,292_0-2
NC(=O)c1ccc(NC(=O)N2CCN(Cc3ccc(CNC(=O)c4c[nH]c(=O)[nH]c4=O)cc3)CC2)cn1,0,2,1,-12.3586,-12.3586,-12.3586,0.0,-12.3586,0.0,19391,NC(=O)c1ccc(NC(=O)N2CCN(Cc3ccc(CNC(=O)c4c[nH]c(=O)[nH]c4=O)cc3)CC2)cn1,302,304,302,63,302_63-1
NC(=O)c1ccc(NC(=O)CCN2CCC(c3ccc(CNC(=O)c4cc5[nH]ncc5[nH]4)cc3)C2)cc1,0,2,1,-12.3525,-12.3525,-12.3525,0.0,-12.3525,0.0,21918,NC(=O)c1ccc(NC(=O)CCN2CCC(c3ccc(CNC(=O)c4cc5[nH]ncc5[nH]4)cc3)C2)cc1,342,346,342,30,342_30-1
CN1CCc2ccc(C(=O)NCc3ccc(CN4CCN(C(=O)Nc5ccc(C(N)=O)cc5)CC4)cc3)cc2C1,0,2,1,-12.3503,-12.3503,-12.3503,0.0,-12.3503,0.0,19430,CN1CCc2ccc(C(=O)NCc3ccc(CN4CCN(C(=O)Nc5ccc(C(N)=O)cc5)CC4)cc3)cc2C1,303,306,303,38,303_38-1
NC(=O)c1ccc(NC(=O)NC2CCN(Cc3ccc(CNC(=O)c4cc5ccncc5[nH]4)cc3)C2)cc1,0,3,1,-12.3479,-12.3479,-12.347900000000001,2.175583928816829e-15,-12.3479,0.0,20788,NC(=O)c1ccc(NC(=O)NC2CCN(Cc3ccc(CNC(=O)c4cc5ccncc5[nH]4)cc3)C2)cc1,324,343,324,52,324_52-2
NC(=O)c1cccc(NC(=O)NC2CCN(Cc3ccc(CNC(=O)c4cc5ccccc5[nH]4)cc3)C2)c1,0,2,1,-12.344,-12.344,-12.344,0.0,-12.344,0.0,21076,NC(=O)c1cccc(NC(=O)NC2CCN(Cc3ccc(CNC(=O)c4cc5ccccc5[nH]4)cc3)C2)c1,329,330,329,20,329_20-3
O=C(NCc1ccc(C2CCN(Cc3ccc(C(F)(F)F)cc3)C2)cc1)c1cc2ccncc2[nH]1,0,2,1,-12.3398,-12.3398,-12.3398,0.0,-12.3398,0.0,21575,O=C(NCc1ccc(C2CCN(Cc3ccc(C(F)(F)F)cc3)C2)cc1)c1cc2ccncc2[nH]1,337,341,337,7,337_7-4
NC(=O)c1cccc(CCN2CCC(Cc3ccc(C4CC4c4cccc(C(N)=O)c4)cc3)CC2)c1,0,2,1,-12.3343,-12.3343,-12.3343,0.0,-12.3343,0.0,8357,NC(=O)c1cccc(CCN2CCC(Cc3ccc(C4CC4c4cccc(C(N)=O)c4)cc3)CC2)c1,130,133,130,37,130_37-1
NC(=O)c1ccc(NC(=O)CN2CCN(Cc3ccc(CNC(=O)c4cc5ccccc5[nH]4)cc3)CC2)cc1,0,2,1,-12.3293,-12.3293,-12.3293,0.0,-12.3293,0.0,19768,NC(=O)c1ccc(NC(=O)CN2CCN(Cc3ccc(CNC(=O)c4cc5ccccc5[nH]4)cc3)CC2)cc1,308,330,308,56,308_56-1
NC(=O)c1cccc(C(=O)N2CCN(Cc3ccc(CNC(=O)c4[nH]nc5ccccc45)cc3)CC2)c1,0,2,1,-12.3251,-12.3251,-12.3251,0.0,-12.3251,0.0,19367,NC(=O)c1cccc(C(=O)N2CCN(Cc3ccc(CNC(=O)c4[nH]nc5ccccc45)cc3)CC2)c1,302,306,302,39,302_39-2
O=C(NCc1ccc(CN2CCN(C(=O)c3cccc(C(F)(F)F)c3)CC2)cc1)c1cc2c(=O)[nH]ccc2[nH]1,0,2,1,-12.3072,-12.3072,-12.3072,0.0,-12.3072,0.0,21235,O=C(NCc1ccc(CN2CCN(C(=O)c3cccc(C(F)(F)F)c3)CC2)cc1)c1cc2c(=O)[nH]ccc2[nH]1,331,334,331,51,331_51-1
O=C(O)C(=O)N1CCC(CCN2CCC(c3ccc(CNC(=O)c4cc5ccncc5[nH]4)cc3)C2)CC1,0,2,1,-12.2866,-12.2866,-12.2866,0.0,-12.2866,0.0,21951,O=C(O)C(=O)N1CCC(CCN2CCC(c3ccc(CNC(=O)c4cc5ccncc5[nH]4)cc3)C2)CC1,342,343,342,63,342_63-2
NC(=O)c1cccc(NC(=O)N2CCN(Cc3ccc(CNC(=O)Nc4n[nH]c5ccccc45)cc3)CC2)c1,0,2,1,-12.2707,-12.2707,-12.2707,0.0,-12.2707,0.0,18410,NC(=O)c1cccc(NC(=O)N2CCN(Cc3ccc(CNC(=O)Nc4n[nH]c5ccccc45)cc3)CC2)c1,287,288,287,42,287_42-1
O=C(Nc1ccc2c(c1)OCCO2)NC1CCN(Cc2ccc(CNC(=O)c3ccc4c(c3)CCO4)cc2)C1,0,2,1,-12.264,-12.264,-12.264,0.0,-12.264,0.0,15863,O=C(Nc1ccc2c(c1)OCCO2)NC1CCN(Cc2ccc(CNC(=O)c3ccc4c(c3)CCO4)cc2)C1,247,254,247,55,247_55-1
O=C(NCC1CCN(Cc2ccc(CNC(=O)Nc3cccc4cc[nH]c34)cc2)C1)Nc1ccc(C(F)(F)F)nc1,0,2,1,-12.2558,-12.2558,-12.2558,0.0,-12.2558,0.0,18480,O=C(NCC1CCN(Cc2ccc(CNC(=O)Nc3cccc4cc[nH]c34)cc2)C1)Nc1ccc(C(F)(F)F)nc1,288,289,288,48,288_48-3
NC(=O)c1ccc(C(=O)N2CCN(Cc3ccc(CNC(=O)c4ccc5nccnc5c4)cc3)CC2)cc1,0,2,1,-12.2539,-12.2539,-12.2539,0.0,-12.2539,0.0,19799,NC(=O)c1ccc(C(=O)N2CCN(Cc3ccc(CNC(=O)c4ccc5nccnc5c4)cc3)CC2)cc1,309,312,309,23,309_23-1
NC(=O)c1ccc(OCc2ccc(CN3CCC(NC(=O)Nc4ccccc4)C3)cc2)cc1,0,2,1,-12.2137,-12.2137,-12.2137,0.0,-12.2137,0.0,13869,NC(=O)c1ccc(OCc2ccc(CN3CCC(NC(=O)Nc4ccccc4)C3)cc2)cc1,216,226,216,45,216_45-3
NC(=O)c1ccc(NC(=O)CN2CCN(Cc3ccc(CNC(=O)c4cnc5ccccc5c4)cc3)CC2)cc1,0,6,1,-12.2042,-12.2042,-12.2042,0.0,-12.2042,0.0,19704,NC(=O)c1ccc(NC(=O)CN2CCN(Cc3ccc(CNC(=O)c4cnc5ccccc5c4)cc3)CC2)cc1,307,323,307,56,307_56-1
NC(=O)c1cccc(CN2CCC(c3ccc(CNC(=O)c4cc5ccncc5[nH]4)cc3)C2)c1,0,2,1,-12.1949,-12.1949,-12.1949,0.0,-12.1949,0.0,21852,NC(=O)c1cccc(CN2CCC(c3ccc(CNC(=O)c4cc5ccncc5[nH]4)cc3)C2)c1,341,342,341,28,341_28-4
NC(=O)c1cccc(C(=O)N2CCN(Cc3ccc(CNC(=O)c4cnc5ccccc5n4)cc3)CC2)c1,0,5,1,-12.1848,-12.1848,-12.1848,0.0,-12.1848,0.0,19465,NC(=O)c1cccc(C(=O)N2CCN(Cc3ccc(CNC(=O)c4cnc5ccccc5n4)cc3)CC2)c1,304,311,304,9,304_9-2
NC(=O)c1ccc(NC(=O)NCC2CCN(Cc3ccc(CNC(=O)c4cnc5ccccc5n4)cc3)CC2)cc1,0,2,1,-12.1693,-12.1693,-12.1693,0.0,-12.1693,0.0,19651,NC(=O)c1ccc(NC(=O)NCC2CCN(Cc3ccc(CNC(=O)c4cnc5ccccc5n4)cc3)CC2)cc1,307,307,307,3,307_3-1
NC(=O)c1cccc(C(=O)CN2CCN(Cc3ccc(CNC(=O)c4ccc5nccnc5c4)cc3)CC2)c1,0,2,1,-12.1593,-12.1593,-12.1593,0.0,-12.1593,0.0,19604,NC(=O)c1cccc(C(=O)CN2CCN(Cc3ccc(CNC(=O)c4ccc5nccnc5c4)cc3)CC2)c1,306,312,306,20,306_20-1
NC(=O)c1cccc(NC(=O)CN2CCN(Cc3ccc(CNC(=O)c4cc5ccccc5[nH]4)cc3)CC2)c1,0,2,1,-12.1537,-12.1537,-12.1537,0.0,-12.1537,0.0,19143,NC(=O)c1cccc(NC(=O)CN2CCN(Cc3ccc(CNC(=O)c4cc5ccccc5[nH]4)cc3)CC2)c1,299,333,299,7,299_7-1
NC(=O)c1ccc(C(=O)NCc2ccc(CN3CCC(CNC(=O)c4ccc5c(c4)OCCO5)CC3)cc2)cc1,0,2,1,-12.1498,-12.1498,-12.1498,0.0,-12.1498,0.0,16304,NC(=O)c1ccc(C(=O)NCc2ccc(CN3CCC(CNC(=O)c4ccc5c(c4)OCCO5)CC3)cc2)cc1,254,259,254,48,254_48-1
NC(=O)c1ccc(NC(=O)C(O)CC2CCN(Cc3ccc(CNC(=O)c4cc5ccccc5[nH]4)cc3)CC2)cc1,0,2,1,-12.14,-12.14,-12.14,0.0,-12.14,0.0,20808,NC(=O)c1ccc(NC(=O)C(O)CC2CCN(Cc3ccc(CNC(=O)c4cc5ccccc5[nH]4)cc3)CC2)cc1,325,328,325,8,325_8-2
O=C(Nc1ccc2c(c1)OCO2)NC1CCN(Cc2ccc(CNC(=O)c3ccc4ccccc4c3)cc2)C1,0,2,1,-12.1136,-12.1136,-12.1136,0.0,-12.1136,0.0,16370,O=C(Nc1ccc2c(c1)OCO2)NC1CCN(Cc2ccc(CNC(=O)c3ccc4ccccc4c3)cc2)C1,255,261,255,50,255_50-2
CC(CNC(=O)c1cccc(C(N)=O)c1)N1CCN(Cc2ccc(CNC(=O)c3cc4cn[nH]c4[nH]3)cc2)CC1,0,2,1,-12.1123,-12.1123,-12.1123,0.0,-12.1123,0.0,18006,CC(CNC(=O)c1cccc(C(N)=O)c1)N1CCN(Cc2ccc(CNC(=O)c3cc4cn[nH]c4[nH]3)cc2)CC1,281,282,281,22,281_22-2
NC(=O)c1ccc(CNC(=O)N2CCN(Cc3ccc(CNC(=O)c4cnc5ccccc5n4)cc3)CC2)cc1,0,3,1,-12.0936,-12.0936,-12.0936,0.0,-12.0936,0.0,19259,NC(=O)c1ccc(CNC(=O)N2CCN(Cc3ccc(CNC(=O)c4cnc5ccccc5n4)cc3)CC2)cc1,300,309,300,59,300_59-1
NC(=O)c1ccc(CC(=O)N2CCC(Cc3ccc(CNC(=O)c4cc5cc(C(N)=O)ncc5[nH]4)cc3)CC2)cc1,0,2,1,-12.076,-12.076,-12.076,0.0,-12.076,0.0,22028,NC(=O)c1ccc(CC(=O)N2CCC(Cc3ccc(CNC(=O)c4cc5cc(C(N)=O)ncc5[nH]4)cc3)CC2)cc1,344,346,344,12,344_12-1
O=C(NCc1ccc(CN2CCC(CNC(=O)c3ccc(F)cc3)CC2)cc1)c1ccc2c(c1)CCNCC2,0,2,1,-12.0735,-12.0735,-12.0735,0.0,-12.0735,0.0,17435,O=C(NCc1ccc(CN2CCC(CNC(=O)c3ccc(F)cc3)CC2)cc1)c1ccc2c(c1)CCNCC2,272,275,272,27,272_27-1
NC(=O)c1ccc(C2CC2c2ccc(C(=O)N3CCN(CCc4cccc(C(N)=O)c4)CC3)cc2)cc1,0,2,1,-12.0666,-12.0666,-12.0666,0.0,-12.0666,0.0,8425,NC(=O)c1ccc(C2CC2c2ccc(C(=O)N3CCN(CCc4cccc(C(N)=O)c4)CC3)cc2)cc1,131,138,131,41,131_41-1
NC(=O)c1cccc(C(=O)N2CCN(Cc3ccc(CNC(=O)c4cn5ccccc5n4)cc3)CC2)c1,0,2,1,-12.0377,-12.0377,-12.0377,0.0,-12.0377,0.0,19209,NC(=O)c1cccc(C(=O)N2CCN(Cc3ccc(CNC(=O)c4cn5ccccc5n4)cc3)CC2)c1,300,305,300,9,300_9-2
NC(=O)c1cc(C(=O)NCc2ccc(C3CCN(CCC(=O)c4ccc(C(F)(F)F)cc4)C3)cc2)[nH]n1,0,2,1,-12.0374,-12.0374,-12.0374,0.0,-12.0374,0.0,21362,NC(=O)c1cc(C(=O)NCc2ccc(C3CCN(CCC(=O)c4ccc(C(F)(F)F)cc4)C3)cc2)[nH]n1,333,342,333,50,333_50-5
NC(=O)c1ccc(CC2CCN(Cc3ccc(CNC(=O)c4cc5ccccc5[nH]4)cc3)CC2)cc1,0,2,1,-12.0259,-12.0259,-12.0259,0.0,-12.0259,0.0,20945,NC(=O)c1ccc(CC2CCN(Cc3ccc(CNC(=O)c4cc5ccccc5[nH]4)cc3)CC2)cc1,327,336,327,17,327_17-2
NC(=O)c1ccc(CNCC2CCCN(Cc3ccc(C(N)=O)cc3)C2)cc1,0,3,1,-12.0085,-12.0085,-12.0085,0.0,-12.0085,0.0,9368,NC(=O)c1ccc(CNCC2CCCN(Cc3ccc(C(N)=O)cc3)C2)cc1,146,192,146,24,146_24-1
NC(=O)c1cccc(NC(=O)c2ccc(CN3CCC(NC(=O)Nc4ccccc4)C3)cc2)c1,0,2,1,-12.0082,-12.0082,-12.0082,0.0,-12.0082,0.0,12888,NC(=O)c1cccc(NC(=O)c2ccc(CN3CCC(NC(=O)Nc4ccccc4)C3)cc2)c1,201,217,201,24,201_24-3
NC(=O)c1ccc(CCC2CCN(CC3Cc4ccc(C(N)=O)cc4C3)C2)cc1,0,2,1,-12.008,-12.008,-12.008,0.0,-12.008,0.0,8693,NC(=O)c1ccc(CCC2CCN(CC3Cc4ccc(C(N)=O)cc4C3)C2)cc1,135,213,135,53,135_53-7
NC(=O)c1ccc(CC2CCCN(CCc3cccc(C(N)=O)c3)CC2)cc1,0,2,1,-11.996,-11.996,-11.996,0.0,-11.996,0.0,8433,NC(=O)c1ccc(CC2CCCN(CCc3cccc(C(N)=O)c3)CC2)cc1,131,156,131,49,131_49-3
NC(=O)c1ccc(NC(=O)NC2CCN(Cc3ccc(CNC(=O)c4cc5[nH]ncc5[nH]4)cc3)C2)cc1,0,2,1,-11.9888,-11.9888,-11.9888,0.0,-11.9888,0.0,21872,NC(=O)c1ccc(NC(=O)NC2CCN(Cc3ccc(CNC(=O)c4cc5[nH]ncc5[nH]4)cc3)C2)cc1,341,345,341,48,341_48-3
NC(=O)c1ccc(NC(=O)CN2CCN(Cc3ccc(CNC(=O)c4ccc5ccncc5c4)cc3)CC2)cc1,0,2,1,-11.9845,-11.9845,-11.9845,0.0,-11.9845,0.0,19815,NC(=O)c1ccc(NC(=O)CN2CCN(Cc3ccc(CNC(=O)c4ccc5ccncc5c4)cc3)CC2)cc1,309,316,309,39,309_39-2
NC(=O)c1cccc(CCc2ccc(C3CCN(Cc4cccc(C(N)=O)c4)C3)cc2)c1,0,2,1,-11.9835,-11.9835,-11.9835,0.0,-11.9835,0.0,9523,NC(=O)c1cccc(CCc2ccc(C3CCN(Cc4cccc(C(N)=O)c4)C3)cc2)c1,148,158,148,51,148_51-4
O=C(NCc1ccc(CN2CCC(CNC(=O)c3cc(C(F)(F)F)ccn3)C2)cc1)c1ccc2[nH]ncc2c1,0,2,1,-11.976,-11.976,-11.976,0.0,-11.976,0.0,17849,O=C(NCc1ccc(CN2CCC(CNC(=O)c3cc(C(F)(F)F)ccn3)C2)cc1)c1ccc2[nH]ncc2c1,278,279,278,57,278_57-4
O=C(NCc1ccc(CN2CCC(C(=O)NCc3ccc(C(F)(F)F)cc3)C2)cc1)c1cc2c(=O)[nH]ccc2[nH]1,0,2,1,-11.9573,-11.9573,-11.9573,0.0,-11.9573,0.0,19903,O=C(NCc1ccc(CN2CCC(C(=O)NCc3ccc(C(F)(F)F)cc3)C2)cc1)c1cc2c(=O)[nH]ccc2[nH]1,310,326,310,63,310_63-1
NC(=O)c1ccc(NC(=O)NC2CCN(Cc3ccc(CN4CCN(c5ccccc5)CC4)cc3)C2)cc1,0,2,1,-11.9444,-11.9444,-11.9444,0.0,-11.9444,0.0,12109,NC(=O)c1ccc(NC(=O)NC2CCN(Cc3ccc(CN4CCN(c5ccccc5)CC4)cc3)C2)cc1,189,197,189,13,189_13-3
NC(=O)c1c[nH]c(C(=O)NCc2ccc(CC3CCN(CC(=O)c4ccc(C(F)(F)F)cc4)CC3)cc2)c1,0,2,1,-11.9271,-11.9271,-11.9271,0.0,-11.9271,0.0,20980,NC(=O)c1c[nH]c(C(=O)NCc2ccc(CC3CCN(CC(=O)c4ccc(C(F)(F)F)cc4)CC3)cc2)c1,327,332,327,52,327_52-1
O=C(NO)c1ccc(CNC(=O)c2ccc(CCN3CCC(c4ccccc4)CC3)cc2)cc1,0,2,1,-11.909,-11.909,-11.909,0.0,-11.909,0.0,7519,O=C(NO)c1ccc(CNC(=O)c2ccc(CCN3CCC(c4ccccc4)CC3)cc2)cc1,117,119,117,31,117_31-1
NC(=O)c1ccc(C(=O)N2CCN(Cc3ccc(CNC(=O)c4ccc(C(N)=O)nc4)cc3)CC2)cc1,0,2,1,-11.9069,-11.9069,-11.9069,0.0,-11.9069,0.0,19758,NC(=O)c1ccc(C(=O)N2CCN(Cc3ccc(CNC(=O)c4ccc(C(N)=O)nc4)cc3)CC2)cc1,308,308,308,46,308_46-1
NC(=O)c1ccn(Cc2ccc(CN3CCC(NC(=O)Nc4ccccc4)C3)cc2)c1,0,2,1,-11.9067,-11.9067,-11.9067,0.0,-11.9067,0.0,14218,NC(=O)c1ccn(Cc2ccc(CN3CCC(NC(=O)Nc4ccccc4)C3)cc2)c1,222,225,222,10,222_10-4
NC(=O)c1ccc(NC(=O)N2CCN(Cc3ccc(CNC(=O)c4ccc5ncncc5c4)cc3)CC2)cc1,0,5,1,-11.9038,-11.9038,-11.9038,0.0,-11.9038,0.0,19742,NC(=O)c1ccc(NC(=O)N2CCN(Cc3ccc(CNC(=O)c4ccc5ncncc5c4)cc3)CC2)cc1,308,320,308,30,308_30-2
NC(=O)c1ccc(CCN2CCCC(COc3ccc(C(N)=O)cc3)CC2)cc1,0,2,1,-11.8897,-11.8897,-11.8897,0.0,-11.8897,0.0,7894,NC(=O)c1ccc(CCN2CCCC(COc3ccc(C(N)=O)cc3)CC2)cc1,123,147,123,22,123_22-1
O=C(Nc1ccc2c(c1)OCO2)NC1CCN(Cc2ccc(CNC(=O)c3ccc(C(F)(F)F)cc3)cc2)C1,0,2,1,-11.8859,-11.8859,-11.8859,0.0,-11.8859,0.0,15856,O=C(Nc1ccc2c(c1)OCO2)NC1CCN(Cc2ccc(CNC(=O)c3ccc(C(F)(F)F)cc3)cc2)C1,247,254,247,48,247_48-2
NC(=O)c1ccc(CN2CCCC(CCc3cccc(C(N)=O)c3)CC2)cc1,0,2,1,-11.8798,-11.8798,-11.8798,0.0,-11.8798,0.0,8985,NC(=O)c1ccc(CN2CCCC(CCc3cccc(C(N)=O)c3)CC2)cc1,140,145,140,25,140_25-1
NC(=O)c1cccc(C(=O)N2CCN(Cc3ccc(CNC(=O)c4c[nH]c(=O)[nH]c4=O)cc3)CC2)c1,0,2,1,-11.8749,-11.8749,-11.8749,0.0,-11.8749,0.0,18549,NC(=O)c1cccc(C(=O)N2CCN(Cc3ccc(CNC(=O)c4c[nH]c(=O)[nH]c4=O)cc3)CC2)c1,289,297,289,53,289_53-3
NC(=O)c1ccc(NC(=O)N2CCN(Cc3ccc(CNC(=O)c4ccc5[nH]c(=O)[nH]c5c4)cc3)CC2)cc1,0,4,1,-11.8573,-11.8573,-11.8573,0.0,-11.8573,0.0,18725,NC(=O)c1ccc(NC(=O)N2CCN(Cc3ccc(CNC(=O)c4ccc5[nH]c(=O)[nH]c5c4)cc3)CC2)cc1,292,303,292,37,292_37-1
NC(=O)c1cccc(C(=O)NCC2CCN(Cc3ccc(CN4CCc5ccccc5C4)cc3)C2)c1,0,2,1,-11.8549,-11.8549,-11.8549,0.0,-11.8549,0.0,15307,NC(=O)c1cccc(C(=O)NCC2CCN(Cc3ccc(CN4CCc5ccccc5C4)cc3)C2)c1,239,239,239,11,239_11-3
NC(=O)c1ccc(CN2CCC(c3ccc(C4CC4c4ccc(C(N)=O)cc4)cc3)C2)cc1,0,3,1,-11.8514,-11.8514,-11.8514,0.0,-11.8514,0.0,8649,NC(=O)c1ccc(CN2CCC(c3ccc(C4CC4c4ccc(C(N)=O)cc4)cc3)C2)cc1,135,139,135,9,135_9-8
NC(=O)c1ccc(CN2CCC(C(=O)NC3Cc4ccc(C(N)=O)cc4C3)C2)cc1,0,2,1,-11.8471,-11.8471,-11.8471,0.0,-11.8471,0.0,13518,NC(=O)c1ccc(CN2CCC(C(=O)NC3Cc4ccc(C(N)=O)cc4C3)C2)cc1,211,214,211,14,211_14-5
NC(=O)c1cccc(C(=O)CN2CCN(Cc3ccc(CNC(=O)c4cnc5ccccc5n4)cc3)CC2)c1,0,2,1,-11.8408,-11.8408,-11.8408,0.0,-11.8408,0.0,19554,NC(=O)c1cccc(C(=O)CN2CCN(Cc3ccc(CNC(=O)c4cnc5ccccc5n4)cc3)CC2)c1,305,307,305,34,305_34-1
NC(=O)c1cccc(C(=O)NCCC2CCN(Cc3cccc(CNC(=O)c4cnc5[nH]ccc5c4)c3)CC2)c1,0,2,1,-11.8189,-11.8189,-11.8189,0.0,-11.8189,0.0,17618,NC(=O)c1cccc(C(=O)NCCC2CCN(Cc3cccc(CNC(=O)c4cnc5[nH]ccc5c4)c3)CC2)c1,275,276,275,18,275_18-1
NC(=O)c1ccc(CNC(=O)c2ccc(C3CC3c3ccc(C(N)=O)cc3)cc2)cc1,0,5,1,-11.806,-11.806,-11.806,0.0,-11.806,0.0,7939,NC(=O)c1ccc(CNC(=O)c2ccc(C3CC3c3ccc(C(N)=O)cc3)cc2)cc1,124,142,124,3,124_3-4
NC(=O)c1ccc(NC(=O)NC2CCN(Cc3ccc(CNC(=O)c4cnc5[nH]ccc5c4)cc3)C2)cc1,0,2,1,-11.758,-11.758,-11.758,0.0,-11.758,0.0,18024,NC(=O)c1ccc(NC(=O)NC2CCN(Cc3ccc(CNC(=O)c4cnc5[nH]ccc5c4)cc3)C2)cc1,281,282,281,40,281_40-4
NC(Cc1ccccc1)NC(=O)C1CCN(Cc2ccc(CNC(=O)c3cc4ccccc4[nH]3)cc2)C1,0,3,1,-11.755,-11.755,-11.755,0.0,-11.755,0.0,20976,NC(Cc1ccccc1)NC(=O)C1CCN(Cc2ccc(CNC(=O)c3cc4ccccc4[nH]3)cc2)C1,327,329,327,48,327_48-4
NC(=O)c1cccc(CN2CCC(c3ccc(C(=O)N4CCc5ccccc5C4)cc3)C2)c1,0,2,1,-11.7465,-11.7465,-11.7465,0.0,-11.7465,0.0,9427,NC(=O)c1cccc(CN2CCC(c3ccc(C(=O)N4CCc5ccccc5C4)cc3)C2)c1,147,161,147,19,147_19-4
NC(=O)c1ccc(OCC2CCN(Cc3ccc4ccc(C(N)=O)cc4c3)C2)cc1,0,2,1,-11.7347,-11.7347,-11.7347,0.0,-11.7347,0.0,13370,NC(=O)c1ccc(OCC2CCN(Cc3ccc4ccc(C(N)=O)cc4c3)C2)cc1,208,216,208,58,208_58-4
O=C(NCC1CCN(Cc2ccc(CN3CCc4ccccc4C3)cc2)C1)Nc1ccccc1,0,5,1,-11.7339,-11.7339,-11.7339,0.0,-11.7339,0.0,13961,O=C(NCC1CCN(Cc2ccc(CN3CCc4ccccc4C3)cc2)C1)Nc1ccccc1,218,231,218,9,218_9-3
NC(=O)c1ccc(CC2CCN(Cc3cc4cc(C(N)=O)ccc4[nH]3)CC2)cc1,0,2,1,-11.7026,-11.7026,-11.7026,0.0,-11.7026,0.0,6041,NC(=O)c1ccc(CC2CCN(Cc3cc4cc(C(N)=O)ccc4[nH]3)CC2)cc1,94,134,94,25,94_25-1
NC(=O)c1ccc(NC(=O)NCCN2CCC(CN3Cc4ccc(C(N)=O)cc4C3)C2)cc1,0,2,1,-11.6986,-11.6986,-11.6986,0.0,-11.6986,0.0,10363,NC(=O)c1ccc(NC(=O)NCCN2CCC(CN3Cc4ccc(C(N)=O)cc4C3)C2)cc1,161,171,161,59,161_59-3
NC(=O)c1ccc(C2CC2c2ccc(C(=O)NCc3ccc(C(=O)NO)cc3)cc2)cc1,0,5,1,-11.6851,-11.6851,-11.6851,0.0,-11.6851,0.0,7911,NC(=O)c1ccc(C2CC2c2ccc(C(=O)NCc3ccc(C(=O)NO)cc3)cc2)cc1,123,138,123,39,123_39-4
NC(=O)c1cccc(NC(=O)NC2CCN(Cc3ccc(CN4CCc5ccccc5C4)cc3)C2)c1,0,2,1,-11.6642,-11.6642,-11.6642,0.0,-11.6642,0.0,13610,NC(=O)c1cccc(NC(=O)NC2CCN(Cc3ccc(CN4CCc5ccccc5C4)cc3)C2)c1,212,215,212,42,212_42-2
NC(=O)c1ccc(CNC2CCN(Cc3ccc(CNC(=O)Nc4cccc(C(N)=O)c4)cc3)C2)cc1,0,2,1,-11.6601,-11.6601,-11.6601,0.0,-11.6601,0.0,12294,NC(=O)c1ccc(CNC2CCN(Cc3ccc(CNC(=O)Nc4cccc(C(N)=O)c4)cc3)C2)cc1,192,198,192,6,192_6-4
NC(=O)c1cccc(C(=O)N2CCC(Cc3ccc(CNC(=O)c4cc5cnccc5[nH]4)cc3)CC2)c1,0,2,1,-11.6587,-11.6587,-11.6587,0.0,-11.6587,0.0,21543,NC(=O)c1cccc(C(=O)N2CCC(Cc3ccc(CNC(=O)c4cc5cnccc5[nH]4)cc3)CC2)c1,336,337,336,39,336_39-1
NC(=O)c1cccc(C(=O)CN2CCN(Cc3ccc(CNC(=O)c4cnc5ccccn45)cc3)CC2)c1,0,2,1,-11.6477,-11.6477,-11.6477,0.0,-11.6477,0.0,19538,NC(=O)c1cccc(C(=O)CN2CCN(Cc3ccc(CNC(=O)c4cnc5ccccn45)cc3)CC2)c1,305,308,305,18,305_18-1
NC(=O)c1ccc(NC(=O)CN2CCC(CC(=O)c3ccc(C(N)=O)cc3)CC2)cc1,0,2,1,-11.6192,-11.6192,-11.6192,0.0,-11.6192,0.0,6098,NC(=O)c1ccc(NC(=O)CN2CCC(CC(=O)c3ccc(C(N)=O)cc3)CC2)cc1,95,101,95,18,95_18-1
NC(=O)c1ccc(CNC(=O)C2CCN(Cc3ccc(CNC(=O)c4cc5ccncc5cn4)cc3)C2)cc1,0,2,1,-11.6097,-11.6097,-11.6097,0.0,-11.6097,0.0,20373,NC(=O)c1ccc(CNC(=O)C2CCN(Cc3ccc(CNC(=O)c4cc5ccncc5cn4)cc3)C2)cc1,318,320,318,21,318_21-3
O=C(NCC1CCN(Cc2ccc(CNC(=O)c3cccc4ccccc34)cc2)CC1)c1ccc2c(c1)OCO2,0,2,1,-11.5931,-11.5931,-11.5931,0.0,-11.5931,0.0,16756,O=C(NCC1CCN(Cc2ccc(CNC(=O)c3cccc4ccccc34)cc2)CC1)c1ccc2c(c1)OCO2,261,265,261,52,261_52-1
NC(=O)c1cccc(NC(=O)NC2CCN(Cc3ccc(C(=O)Nc4cccc(C(N)=O)c4)cc3)CC2)c1,0,2,1,-11.5883,-11.5883,-11.5883,0.0,-11.5883,0.0,12974,NC(=O)c1cccc(NC(=O)NC2CCN(Cc3ccc(C(=O)Nc4cccc(C(N)=O)c4)cc3)CC2)c1,202,210,202,46,202_46-2
NC(=O)c1ccc(NC(=O)N2CCN(Cc3ccc(CNC(=O)c4ccnc5[nH]ccc45)cc3)CC2)cc1,0,2,1,-11.5734,-11.5734,-11.5734,0.0,-11.5734,0.0,18306,NC(=O)c1ccc(NC(=O)N2CCN(Cc3ccc(CNC(=O)c4ccnc5[nH]ccc45)cc3)CC2)cc1,286,294,286,2,286_2-2
NCC(=O)N1CCN(C(=O)c2ccc(C3CCN(CCNC(=O)Nc4ccc(C(N)=O)cc4)C3)cc2)CC1,0,2,1,-11.5507,-11.5507,-11.5507,0.0,-11.5507,0.0,10483,NCC(=O)N1CCN(C(=O)c2ccc(C3CCN(CCNC(=O)Nc4ccc(C(N)=O)cc4)C3)cc2)CC1,163,167,163,51,163_51-3
O=C(Nc1cc2ccccc2[nH]1)NC1CCN(Cc2ccc(CN3CCc4ccccc4C3)cc2)C1,0,2,1,-11.5246,-11.5246,-11.5246,0.0,-11.5246,0.0,15408,O=C(Nc1cc2ccccc2[nH]1)NC1CCN(Cc2ccc(CN3CCc4ccccc4C3)cc2)C1,240,244,240,48,240_48-7
NC(=O)c1ccc(NC(=O)NCCN2CCC(c3cccc(C(N)=O)c3)CC2)cc1,0,2,1,-11.5218,-11.5218,-11.5218,0.0,-11.5218,0.0,10830,NC(=O)c1ccc(NC(=O)NCCN2CCC(c3cccc(C(N)=O)c3)CC2)cc1,169,174,169,14,169_14-2
NC(=O)c1cccc(C(=O)N2CCC(Cc3ccc(CNC(=O)c4cc5cc(C(N)=O)ncc5[nH]4)cc3)CC2)c1,0,3,1,-11.5122,-11.5122,-11.5122,0.0,-11.5122,0.0,21912,NC(=O)c1cccc(C(=O)N2CCC(Cc3ccc(CNC(=O)c4cc5cc(C(N)=O)ncc5[nH]4)cc3)CC2)c1,342,348,342,24,342_24-1
NC(=O)c1ccc(C2CCN(CCNC3Cc4ccc(C(N)=O)cc4C3)C2)cc1,0,2,1,-11.4961,-11.4961,-11.4961,0.0,-11.4961,0.0,8887,NC(=O)c1ccc(C2CCN(CCNC3Cc4ccc(C(N)=O)cc4C3)C2)cc1,138,145,138,55,138_55-4
NC(=O)c1ccc(NC(=O)C2CCCN(Cc3cccc(C(N)=O)c3)CC2)cc1,0,4,1,-11.492,-11.492,-11.492,0.0,-11.492,0.0,9117,NC(=O)c1ccc(NC(=O)C2CCCN(Cc3cccc(C(N)=O)c3)CC2)cc1,142,158,142,29,142_29-1
NC(=O)C(=O)N1CCC(CCN2CCC(c3ccc(CNC(=O)c4cc(C(N)=O)n[nH]4)cc3)C2)CC1,0,2,1,-11.487,-11.487,-11.487,0.0,-11.487,0.0,21811,NC(=O)C(=O)N1CCC(CCN2CCC(c3ccc(CNC(=O)c4cc(C(N)=O)n[nH]4)cc3)C2)CC1,340,340,340,51,340_51-3
O=C(NCc1ccc(CN2CCC(NC(=O)c3ccc4c(c3)OCO4)C2)cc1)c1cccc(C(F)(F)F)c1,0,2,1,-11.4866,-11.4866,-11.4866,0.0,-11.4866,0.0,16676,O=C(NCc1ccc(CN2CCC(NC(=O)c3ccc4c(c3)OCO4)C2)cc1)c1cccc(C(F)(F)F)c1,260,262,260,36,260_36-2
NC(=O)c1ccc(CNC2CCC(CC3Cc4ccc(C(N)=O)cc4C3)CC2)cc1,0,2,1,-11.4679,-11.4679,-11.4679,0.0,-11.4679,0.0,8731,NC(=O)c1ccc(CNC2CCC(CC3Cc4ccc(C(N)=O)cc4C3)CC2)cc1,136,144,136,27,136_27-2
O=C(CNC(=O)Nc1ccccc1)NC1CCN(Cc2ccc(CN3CCc4ccccc4C3)cc2)C1,0,4,1,-11.4544,-11.4544,-11.4544,0.0,-11.4544,0.0,13828,O=C(CNC(=O)Nc1ccccc1)NC1CCN(Cc2ccc(CN3CCc4ccccc4C3)cc2)C1,216,232,216,4,216_4-5
O=C(CN1CCC(c2ccc(CNC(=O)c3cc4ccncc4[nH]3)cc2)CC1)c1ccc(C(F)(F)F)cc1,0,2,1,-11.4535,-11.4535,-11.4535,0.0,-11.4535,0.0,21616,O=C(CN1CCC(c2ccc(CNC(=O)c3cc4ccncc4[nH]3)cc2)CC1)c1ccc(C(F)(F)F)cc1,337,338,337,48,337_48-3
Nc1ncnc2ncc(C(=O)NCc3cccc(CN4CCC(CNC(=O)c5ccc(C(F)(F)F)nc5)CC4)c3)cc12,0,2,1,-11.4423,-11.4423,-11.4423,0.0,-11.4423,0.0,20048,Nc1ncnc2ncc(C(=O)NCc3cccc(CN4CCC(CNC(=O)c5ccc(C(F)(F)F)nc5)CC4)c3)cc12,313,314,313,16,313_16-1
NC(=O)c1ccc(CN2CCC(CCc3ccc(C(N)N)cc3)CC2)cc1,0,2,1,-11.4352,-11.4352,-11.4352,0.0,-11.4352,0.0,6862,NC(=O)c1ccc(CN2CCC(CCc3ccc(C(N)N)cc3)CC2)cc1,107,131,107,14,107_14-1
NC(=O)c1ccc(CN2CCN(C(=O)c3ccc(C4CC4c4cccc(C(N)=O)c4)cc3)CC2)cc1,0,2,1,-11.4305,-11.4305,-11.4305,0.0,-11.4305,0.0,8891,NC(=O)c1ccc(CN2CCN(C(=O)c3ccc(C4CC4c4cccc(C(N)=O)c4)cc3)CC2)cc1,138,140,138,59,138_59-6
CN1CCc2c(cccc2NC(=O)NCc2ccc(CN3CCN(C(=O)Nc4ccc(C(F)(F)F)cc4)CC3)cc2)C1,0,2,1,-11.4294,-11.4294,-11.4294,0.0,-11.4294,0.0,18487,CN1CCc2c(cccc2NC(=O)NCc2ccc(CN3CCN(C(=O)Nc4ccc(C(F)(F)F)cc4)CC3)cc2)C1,288,289,288,55,288_55-3
NC(=O)c1ccc(CC2CCN(CCc3cccc(C(N)=O)c3)CC2)cc1,0,2,1,-11.4279,-11.4279,-11.4279,0.0,-11.4279,0.0,5327,NC(=O)c1ccc(CC2CCN(CCc3cccc(C(N)=O)c3)CC2)cc1,83,172,83,15,83_15-1
NC(=O)c1ccc(CNC(=O)C2CCN(Cc3ccc(Cc4ccc(C(N)=O)cc4)cc3)C2)cc1,0,2,1,-11.4158,-11.4158,-11.4158,0.0,-11.4158,0.0,5682,NC(=O)c1ccc(CNC(=O)C2CCN(Cc3ccc(Cc4ccc(C(N)=O)cc4)cc3)C2)cc1,88,218,88,50,88_50-1
NC(=O)c1cccc(NC(=O)NCCN2CCC(CN3Cc4ccc(C(N)=O)cc4C3)CC2)c1,0,2,1,-11.3851,-11.3851,-11.3851,0.0,-11.3851,0.0,11597,NC(=O)c1cccc(NC(=O)NCCN2CCC(CN3Cc4ccc(C(N)=O)cc4C3)CC2)c1,181,184,181,13,181_13-1
NC(=O)CCC1CCN(Cc2ccc(OCc3ccc(C(N)=O)cc3)cc2)CC1,0,2,1,-11.3834,-11.3834,-11.3834,0.0,-11.3834,0.0,7732,NC(=O)CCC1CCN(Cc2ccc(OCc3ccc(C(N)=O)cc3)cc2)CC1,120,154,120,52,120_52-1
NC(=O)c1cccc2c1C(=O)N(CCC1CCN(Cc3ccc(CNC(=O)c4ccc5[nH]ncc5c4)cc3)CC1)C2,0,2,1,-11.3834,-11.3834,-11.3834,0.0,-11.3834,0.0,17705,NC(=O)c1cccc2c1C(=O)N(CCC1CCN(Cc3ccc(CNC(=O)c4ccc5[nH]ncc5c4)cc3)CC1)C2,276,279,276,41,276_41-1
O=C(CNC(=O)c1cccc(C(F)(F)F)c1)NCC1CCN(Cc2ccc(CN3CCc4ccccc4C3)cc2)C1,0,2,1,-11.3757,-11.3757,-11.3757,0.0,-11.3757,0.0,14837,O=C(CNC(=O)c1cccc(C(F)(F)F)c1)NCC1CCN(Cc2ccc(CN3CCc4ccccc4C3)cc2)C1,231,233,231,53,231_53-3
NC(=O)c1ccc(C(=O)NCC(=O)NC2CCN(Cc3ccc(CN4CCc5ccccc5C4)cc3)C2)cc1,0,2,1,-11.3698,-11.3698,-11.3698,0.0,-11.3698,0.0,14961,NC(=O)c1ccc(C(=O)NCC(=O)NC2CCN(Cc3ccc(CN4CCc5ccccc5C4)cc3)C2)cc1,233,236,233,49,233_49-3
O=C(NCC1CCN(Cc2ccc(CNC(=O)c3cnc4ncncc4c3)cc2)CC1)Nc1ccccc1,0,2,1,-11.3645,-11.3645,-11.3645,0.0,-11.3645,0.0,20072,O=C(NCC1CCN(Cc2ccc(CNC(=O)c3cnc4ncncc4c3)cc2)CC1)Nc1ccccc1,313,315,313,40,313_40-1
NC(=O)c1ccc(OCC2CCCN(Cc3cccc(C(N)=O)c3)CC2)cc1,0,2,1,-11.3568,-11.3568,-11.3568,0.0,-11.3568,0.0,6752,NC(=O)c1ccc(OCC2CCCN(Cc3cccc(C(N)=O)c3)CC2)cc1,105,140,105,32,105_32-4
NC(=O)c1ccc(NC(=O)N2CCC(Cc3ccc(CNC(=O)c4cc5cnncc5[nH]4)cc3)CC2)cc1,0,2,1,-11.3553,-11.3553,-11.3553,0.0,-11.3553,0.0,22134,NC(=O)c1ccc(NC(=O)N2CCC(Cc3ccc(CNC(=O)c4cc5cnncc5[nH]4)cc3)CC2)cc1,345,350,345,54,345_54-1
NC(=O)c1ccc(CN2CCC(c3ccc(CC4Cc5ccc(C(N)=O)cc5C4)cc3)C2)cc1,0,6,1,-11.3254,-11.3254,-11.3254,0.0,-11.3254,0.0,8733,NC(=O)c1ccc(CN2CCC(c3ccc(CC4Cc5ccc(C(N)=O)cc5C4)cc3)C2)cc1,136,165,136,29,136_29-3
NC(=O)c1ccc(CC2CCN(Cc3cc4ccc(C(N)=O)cc4[nH]3)CC2)cc1,0,2,1,-11.3192,-11.3192,-11.3192,0.0,-11.3192,0.0,8560,NC(=O)c1ccc(CC2CCN(Cc3cc4ccc(C(N)=O)cc4[nH]3)CC2)cc1,133,152,133,48,133_48-1
NC(=O)c1ccc(C2CC2c2ccc(C3CC3c3ccc(C(N)=O)cc3)cc2)cc1,0,11,1,-11.2874,-11.2874,-11.287400000000002,3.7261175413410954e-15,-11.2874,0.0,7791,NC(=O)c1ccc(C2CC2c2ccc(C3CC3c3ccc(C(N)=O)cc3)cc2)cc1,121,139,121,47,121_47-5
NC(=O)c1ccc(NC(=O)NCCN2CCC(c3ccc(C(N)=O)cc3)CC2)cc1,0,2,1,-11.2763,-11.2763,-11.2763,0.0,-11.2763,0.0,9772,NC(=O)c1ccc(NC(=O)NCCN2CCC(c3ccc(C(N)=O)cc3)CC2)cc1,152,153,152,44,152_44-2
NC(=O)c1ccc(C2CCN(CCC3Cc4ccc(C(N)=O)cc4C3)C2)cc1,0,2,1,-11.2656,-11.2656,-11.2656,0.0,-11.2656,0.0,7383,NC(=O)c1ccc(C2CCN(CCC3Cc4ccc(C(N)=O)cc4C3)C2)cc1,115,136,115,23,115_23-2
NC(=O)c1ccc(NC(=O)NCCN2CCC(C(=O)NCc3ccc(C(=O)NO)cc3)CC2)cc1,0,2,1,-11.264,-11.264,-11.264,0.0,-11.264,0.0,10131,NC(=O)c1ccc(NC(=O)NCCN2CCC(C(=O)NCc3ccc(C(=O)NO)cc3)CC2)cc1,158,176,158,19,158_19-2
NC(=O)c1ccc(CNC(=O)C2CCN(Cc3cccc(C(N)=O)c3)C2)cc1,0,2,1,-11.2561,-11.2561,-11.2561,0.0,-11.2561,0.0,11518,NC(=O)c1ccc(CNC(=O)C2CCN(Cc3cccc(C(N)=O)c3)C2)cc1,179,181,179,62,179_62-1
NC(=O)c1cccc(CN2CCOC(CC3Cc4ccc(C(N)=O)cc4C3)C2)c1,0,2,1,-11.254,-11.254,-11.254,0.0,-11.254,0.0,7923,NC(=O)c1cccc(CN2CCOC(CC3Cc4ccc(C(N)=O)cc4C3)C2)c1,123,144,123,51,123_51-9
NC(=O)c1ccc(NC(=O)NCCN2CCC(CNC(=O)Nc3ccc(C(N)=O)cc3)CC2)cc1,0,2,1,-11.2538,-11.2538,-11.2538,0.0,-11.2538,0.0,10560,NC(=O)c1ccc(NC(=O)NCCN2CCC(CNC(=O)Nc3ccc(C(N)=O)cc3)CC2)cc1,165,180,165,0,165_0-1
NC(=O)c1cccc(C(=O)NCc2ccc(CN3CCN(C(=O)c4cccc(C(N)=O)c4)CC3)cc2)c1,0,3,1,-11.2502,-11.2502,-11.2502,0.0,-11.2502,0.0,16566,NC(=O)c1cccc(C(=O)NCc2ccc(CN3CCN(C(=O)c4cccc(C(N)=O)c4)CC3)cc2)c1,258,298,258,54,258_54-1
NC(=O)c1ccc(C=CCN2CCC(Cc3ccc(C(N)=O)cc3)C2)cc1,0,2,1,-11.2404,-11.2404,-11.2404,0.0,-11.2404,0.0,4946,NC(=O)c1ccc(C=CCN2CCC(Cc3ccc(C(N)=O)cc3)C2)cc1,77,109,77,18,77_18-6
NC(=O)c1ccc(CN2CCC(CCN3CCC(c4ccc(C(N)=O)cc4)C3)CC2)cc1,0,2,1,-11.2385,-11.2385,-11.2385,0.0,-11.2385,0.0,9031,NC(=O)c1ccc(CN2CCC(CCN3CCC(c4ccc(C(N)=O)cc4)C3)CC2)cc1,141,147,141,7,141_7-7
NC(=O)c1ccc(CN2CCCC(CCc3cccc(C(N)=O)c3)C2)cc1,0,2,1,-11.2195,-11.2195,-11.2195,0.0,-11.2195,0.0,9741,NC(=O)c1ccc(CN2CCCC(CCc3cccc(C(N)=O)c3)C2)cc1,152,162,152,13,152_13-1
NC(=O)c1ccc2c(c1)CC(CN1CCC(CNC(=O)Nc3ccccc3)CC1)C2,0,3,1,-11.2176,-11.2176,-11.2176,0.0,-11.2176,0.0,11609,NC(=O)c1ccc2c(c1)CC(CN1CCC(CNC(=O)Nc3ccccc3)CC1)C2,181,192,181,25,181_25-1
NC(=O)c1ccc(CCN2CCC(Cc3ccc(C(=O)Nc4cccc(C(N)=O)c4)cc3)C2)cc1,0,2,1,-11.2099,-11.2099,-11.2099,0.0,-11.2099,0.0,13164,NC(=O)c1ccc(CCN2CCC(Cc3ccc(C(=O)Nc4cccc(C(N)=O)c4)cc3)C2)cc1,205,210,205,44,205_44-2
O=C(NCC1CCN(Cc2ccc(CN3CCC(NC(=O)C(F)(F)F)CC3)cc2)CC1)c1ccc2c(c1)OCCO2,0,2,1,-11.2077,-11.2077,-11.2077,0.0,-11.2077,0.0,16071,O=C(NCC1CCN(Cc2ccc(CN3CCC(NC(=O)C(F)(F)F)CC3)cc2)CC1)c1ccc2c(c1)OCCO2,251,252,251,7,251_7-5
NC(=O)c1ccc(CN2CCC(c3ccc(CCC4COC(N)=N4)cc3)C2)cc1,0,3,1,-11.2066,-11.2066,-11.2066,0.0,-11.2066,0.0,9129,NC(=O)c1ccc(CN2CCC(c3ccc(CCC4COC(N)=N4)cc3)C2)cc1,142,144,142,41,142_41-6
NC(=O)c1ccc(CC2CCCN(Cc3cccc(C(N)=O)c3)CC2)cc1,0,6,1,-11.1985,-11.1985,-11.198499999999997,1.9459014222361975e-15,-11.1985,0.0,8880,NC(=O)c1ccc(CC2CCCN(Cc3cccc(C(N)=O)c3)CC2)cc1,138,152,138,48,138_48-1
NC(=O)c1ccc(CN2CCC(c3ccc(CCC4CN=C(N)OC4)cc3)C2)cc1,0,2,1,-11.1674,-11.1674,-11.1674,0.0,-11.1674,0.0,9994,NC(=O)c1ccc(CN2CCC(c3ccc(CCC4CN=C(N)OC4)cc3)C2)cc1,156,157,156,10,156_10-6
NC(=O)c1ccc(CN2CCC(CCc3cccc(C(N)=O)c3)CC2)cc1,0,2,1,-11.1668,-11.1668,-11.1668,0.0,-11.1668,0.0,8876,NC(=O)c1ccc(CN2CCC(CCc3cccc(C(N)=O)c3)CC2)cc1,138,148,138,44,138_44-1
NCc1ccc2c(c1)CCN(Cc1ccc(CN3CCC(CNC(=O)c4cccc(C(N)=O)c4)C3)cc1)C2,0,2,1,-11.1664,-11.1664,-11.1664,0.0,-11.1664,0.0,15079,NCc1ccc2c(c1)CCN(Cc1ccc(CN3CCC(CNC(=O)c4cccc(C(N)=O)c4)C3)cc1)C2,235,241,235,39,235_39-7
NC(=O)c1ccc(CC(=O)NC2CCN(Cc3ccc(C(=O)Nc4ccccc4)cc3)C2)cc1,0,2,1,-11.1342,-11.1342,-11.1342,0.0,-11.1342,0.0,13892,NC(=O)c1ccc(CC(=O)NC2CCN(Cc3ccc(C(=O)Nc4ccccc4)cc3)C2)cc1,217,217,217,4,217_4-3
NC(=O)c1cccc(CN2CCC(c3ccc(C(=O)N4Cc5ccc(C(N)=O)cc5C4)cc3)C2)c1,0,2,1,-11.1303,-11.1303,-11.1303,0.0,-11.1303,0.0,10092,NC(=O)c1cccc(CN2CCC(c3ccc(C(=O)N4Cc5ccc(C(N)=O)cc5C4)cc3)C2)c1,157,166,157,44,157_44-2
NC(=O)c1cccc(CN2CCC(c3ccc(CCC4COC(N)=N4)cc3)C2)c1,0,2,1,-11.1294,-11.1294,-11.1294,0.0,-11.1294,0.0,8939,NC(=O)c1cccc(CN2CCC(c3ccc(CCC4COC(N)=N4)cc3)C2)c1,139,149,139,43,139_43-8
NC(=O)c1ccc(NC(=O)CN2CCN(Cc3ccc(CNC(=O)c4cccnc4)cc3)CC2)cc1,0,2,1,-11.1,-11.1,-11.1,0.0,-11.1,0.0,17314,NC(=O)c1ccc(NC(=O)CN2CCN(Cc3ccc(CNC(=O)c4cccnc4)cc3)CC2)cc1,270,308,270,34,270_34-1
NC(=O)c1ccc(CNC(=O)C2CCN(C(=O)c3ccc(C(N)=O)cc3)CC2)cc1,0,2,1,-11.0621,-11.0621,-11.0621,0.0,-11.0621,0.0,6133,NC(=O)c1ccc(CNC(=O)C2CCN(C(=O)c3ccc(C(N)=O)cc3)CC2)cc1,95,152,95,53,95_53-1
NC(=O)c1ccc2c(c1)CC(CC1Cc3ccc(C(N)=O)cc3C1)CC2,0,3,1,-11.0497,-11.0497,-11.0497,0.0,-11.0497,0.0,8477,NC(=O)c1ccc2c(c1)CC(CC1Cc3ccc(C(N)=O)cc3C1)CC2,132,147,132,29,132_29-3
NC(=O)c1ccc(CN2CCCC(COc3cccc(C(N)=O)c3)CC2)cc1,0,2,1,-11.0472,-11.0472,-11.0472,0.0,-11.0472,0.0,9235,NC(=O)c1ccc(CN2CCCC(COc3cccc(C(N)=O)c3)CC2)cc1,144,148,144,19,144_19-2
O=C(NCC1CCN(Cc2ccc(CNC(=O)C3CC3)cc2)CC1)c1ccc2c(c1)OCO2,0,2,1,-11.0451,-11.0451,-11.0451,0.0,-11.0451,0.0,16086,O=C(NCC1CCN(Cc2ccc(CNC(=O)C3CC3)cc2)CC1)c1ccc2c(c1)OCO2,251,263,251,22,251_22-1
NC(=O)c1ccc(CN2CCC(C3Cc4ccc(C(N)=O)cc4C3)C2)cc1,0,2,1,-11.0284,-11.0284,-11.0284,0.0,-11.0284,0.0,11280,NC(=O)c1ccc(CN2CCC(C3Cc4ccc(C(N)=O)cc4C3)C2)cc1,176,209,176,16,176_16-3
NC(=O)c1cccc(CN2CCC(c3ccc(CN4CCN(c5cccc(C(N)=O)c5)CC4)cc3)C2)c1,0,2,1,-11.0176,-11.0176,-11.0176,0.0,-11.0176,0.0,9507,NC(=O)c1cccc(CN2CCC(c3ccc(CN4CCN(c5cccc(C(N)=O)c5)CC4)cc3)C2)c1,148,193,148,35,148_35-4
NC(=O)c1cccc(NC(=O)c2ccc(CN3CCC(NC(=O)c4cccc(C(N)=O)c4)C3)cc2)c1,0,2,1,-11.0128,-11.0128,-11.0128,0.0,-11.0128,0.0,13335,NC(=O)c1cccc(NC(=O)c2ccc(CN3CCC(NC(=O)c4cccc(C(N)=O)c4)C3)cc2)c1,208,210,208,23,208_23-1
NC(=O)c1ccc(CNCC2CCN(CCNC(=O)Nc3ccc(C(N)=O)cc3)CC2)cc1,0,2,1,-11.0125,-11.0125,-11.0125,0.0,-11.0125,0.0,9340,NC(=O)c1ccc(CNCC2CCN(CCNC(=O)Nc3ccc(C(N)=O)cc3)CC2)cc1,145,150,145,60,145_60-1
O=C(NCC1CCN(Cc2ccc(CNC(=O)c3cnc4ccccc4n3)cc2)C1)Nc1ccccc1,0,2,1,-10.9874,-10.9874,-10.9874,0.0,-10.9874,0.0,19974,O=C(NCC1CCN(Cc2ccc(CNC(=O)c3cnc4ccccc4n3)cc2)C1)Nc1ccccc1,312,312,312,6,312_6-4
NC(=O)c1ccc(CC2CCN(CC3CCCN(Cc4ccc(C(N)=O)cc4)CC3)CC2)cc1,0,2,1,-10.9756,-10.9756,-10.9756,0.0,-10.9756,0.0,8642,NC(=O)c1ccc(CC2CCN(CC3CCCN(Cc4ccc(C(N)=O)cc4)CC3)CC2)cc1,135,157,135,2,135_2-7
NC(=O)c1cccc(NC(=O)c2ccc(CN3CCC(NCc4ccc(C(=O)NO)cc4)C3)cc2)c1,0,2,1,-10.9717,-10.9717,-10.9717,0.0,-10.9717,0.0,12642,NC(=O)c1cccc(NC(=O)c2ccc(CN3CCC(NCc4ccc(C(=O)NO)cc4)C3)cc2)c1,197,205,197,34,197_34-1
NC(=O)c1ccc(CN2CCC(c3ccc(C(=O)N4CCc5cc(C(N)=O)ccc5C4)cc3)C2)cc1,0,3,1,-10.9662,-10.9662,-10.9662,0.0,-10.9662,0.0,9065,NC(=O)c1ccc(CN2CCC(c3ccc(C(=O)N4CCc5cc(C(N)=O)ccc5C4)cc3)C2)cc1,141,155,141,41,141_41-2
NC(=O)c1ccc(CNC2CCN(CCNC(=O)Nc3cccc(C(N)=O)c3)CC2)cc1,0,2,1,-10.962,-10.962,-10.962,0.0,-10.962,0.0,10027,NC(=O)c1ccc(CNC2CCN(CCNC(=O)Nc3cccc(C(N)=O)c3)CC2)cc1,156,183,156,43,156_43-1
NC(=O)c1ccc(CN2CCCC(CNCc3cccc(C(N)=O)c3)CC2)cc1,0,2,1,-10.9412,-10.9412,-10.9412,0.0,-10.9412,0.0,9538,NC(=O)c1ccc(CN2CCCC(CNCc3cccc(C(N)=O)c3)CC2)cc1,149,150,149,2,149_2-4
O=C(NCc1ccc(CN2CCN(C(=O)NCc3ccc(C(F)(F)F)cc3)CC2)cc1)c1cnc2[nH]ncc2c1,0,2,1,-10.9311,-10.9311,-10.9311,0.0,-10.9311,0.0,17846,O=C(NCc1ccc(CN2CCN(C(=O)NCc3ccc(C(F)(F)F)cc3)CC2)cc1)c1cnc2[nH]ncc2c1,278,279,278,54,278_54-1
NCCNC(=O)c1ccc(Oc2ccc(C3CC3c3ccc(C(N)=O)cc3)cc2)cc1,0,2,1,-10.9078,-10.9078,-10.9078,0.0,-10.9078,0.0,8323,NCCNC(=O)c1ccc(Oc2ccc(C3CC3c3ccc(C(N)=O)cc3)cc2)cc1,130,130,130,3,130_3-4
NC(=O)c1ccc(Cc2cccc(CN3CCC(NC(=O)Nc4ccccc4)C3)c2)cc1,0,2,1,-10.9045,-10.9045,-10.9045,0.0,-10.9045,0.0,13207,NC(=O)c1ccc(Cc2cccc(CN3CCC(NC(=O)Nc4ccccc4)C3)c2)cc1,206,219,206,23,206_23-2
NC(=O)c1ccc2c(c1)CCC(CC1Cc3ccc(C(N)=O)cc3C1)C2,0,2,1,-10.8749,-10.8749,-10.8749,0.0,-10.8749,0.0,9037,NC(=O)c1ccc2c(c1)CCC(CC1Cc3ccc(C(N)=O)cc3C1)C2,141,143,141,13,141_13-2
NC(=O)c1ccc(CNC2CCN(Cc3ccc(C(N)=O)cc3)CC2)cc1,0,2,1,-10.8433,-10.8433,-10.8433,0.0,-10.8433,0.0,5700,NC(=O)c1ccc(CNC2CCN(Cc3ccc(C(N)=O)cc3)CC2)cc1,89,186,89,4,89_4-1
NC(=O)c1ccc(CC2CCCN(Cc3ccc(C(N)=O)cc3)CC2)cc1,0,3,1,-10.8277,-10.8277,-10.8277,0.0,-10.8277,0.0,8988,NC(=O)c1ccc(CC2CCCN(Cc3ccc(C(N)=O)cc3)CC2)cc1,140,151,140,28,140_28-3
NC(=O)c1ccc(C(=O)NCC2CCN(CCc3cccc(C(N)=O)c3)C2)cc1,0,2,1,-10.8209,-10.8209,-10.8209,0.0,-10.8209,0.0,12480,NC(=O)c1ccc(C(=O)NCC2CCN(CCc3cccc(C(N)=O)c3)C2)cc1,195,218,195,0,195_0-4
NC(=O)c1ccc(CN2CCC(c3ccc(C(=O)N4Cc5ccc(C(N)=O)cc5C4)cc3)C2)cc1,0,3,1,-10.8155,-10.8155,-10.8155,0.0,-10.8155,0.0,5941,NC(=O)c1ccc(CN2CCC(c3ccc(C(=O)N4Cc5ccc(C(N)=O)cc5C4)cc3)C2)cc1,92,152,92,53,92_53-2
NC(=O)c1ccc(CNCC2CCN(Cc3ccc(C(N)=O)cc3)C2)cc1,0,2,1,-10.8057,-10.8057,-10.8057,0.0,-10.8057,0.0,10003,NC(=O)c1ccc(CNCC2CCN(Cc3ccc(C(N)=O)cc3)C2)cc1,156,230,156,19,156_19-2
NCc1ccc(Cc2ccc(C3CN(CCCc4cccc(C(N)=O)c4)C3)cc2)cc1,0,2,1,-10.7813,-10.7813,-10.7813,0.0,-10.7813,0.0,4557,NCc1ccc(Cc2ccc(C3CN(CCCc4cccc(C(N)=O)c4)C3)cc2)cc1,71,77,71,13,71_13-1
Cc1nc2c(c(C(=O)NCc3ccc(CN4CCN(C(=O)c5cccc(C(N)=O)c5)CC4)cc3)cn2C)c(=O)n1C,0,2,1,-10.7804,-10.7804,-10.7804,0.0,-10.7804,0.0,19026,Cc1nc2c(c(C(=O)NCc3ccc(CN4CCN(C(=O)c5cccc(C(N)=O)c5)CC4)cc3)cn2C)c(=O)n1C,297,298,297,18,297_18-2
NC(=O)c1ccc(CC2CCN(CC3Cc4ccc(C(N)=O)cc4C3)C2)cc1,0,3,1,-10.7739,-10.7739,-10.7739,0.0,-10.7739,0.0,13469,NC(=O)c1ccc(CC2CCN(CC3Cc4ccc(C(N)=O)cc4C3)C2)cc1,210,213,210,29,210_29-6
NC(=O)c1ccc(CCC2CCN(Cc3ccc(C(N)=O)cc3)CC2)cc1,0,3,1,-10.7459,-10.7459,-10.7459,0.0,-10.7459,0.0,6187,NC(=O)c1ccc(CCC2CCN(Cc3ccc(C(N)=O)cc3)CC2)cc1,96,141,96,43,96_43-1
NCc1ccc(CNC2CCN(Cc3ccc(C(N)=O)cc3)C2)cc1,0,3,1,-10.7452,-10.7452,-10.745200000000002,2.175583928816829e-15,-10.7452,0.0,4841,NCc1ccc(CNC2CCN(Cc3ccc(C(N)=O)cc3)C2)cc1,75,194,75,41,75_41-1
O=C(Nc1ccccc1)NC1CCN(Cc2ccc(CN3CCc4ccccc4C3)cc2)C1,0,2,1,-10.7445,-10.7445,-10.7445,0.0,-10.7445,0.0,13827,O=C(Nc1ccccc1)NC1CCN(Cc2ccc(CN3CCc4ccccc4C3)cc2)C1,216,221,216,3,216_3-7
NC(=O)c1ccc(C2CC2c2ccc(C(=O)N3CCC(O)C3)cc2)cc1,0,3,1,-10.7413,-10.7413,-10.7413,0.0,-10.7413,0.0,7248,NC(=O)c1ccc(C2CC2c2ccc(C(=O)N3CCC(O)C3)cc2)cc1,113,140,113,16,113_16-5
NC(=O)c1cccc(C(=O)CN2CCN(Cc3ccc(CNC(=O)c4cc5ccccc5[nH]4)cc3)CC2)c1,0,2,1,-10.7347,-10.7347,-10.7347,0.0,-10.7347,0.0,19409,NC(=O)c1cccc(C(=O)CN2CCN(Cc3ccc(CNC(=O)c4cc5ccccc5[nH]4)cc3)CC2)c1,303,305,303,17,303_17-1
NC(=O)c1cccc(NC(=O)CN2CCN(Cc3ccc(CNC(=O)c4cnc5ccccc5c4)cc3)CC2)c1,0,2,1,-10.7147,-10.7147,-10.7147,0.0,-10.7147,0.0,20031,NC(=O)c1cccc(NC(=O)CN2CCN(Cc3ccc(CNC(=O)c4cnc5ccccc5c4)cc3)CC2)c1,312,324,312,63,312_63-2
NC(=O)c1ccc(CNCC2CCC(NCc3ccc(C(N)=O)cc3)C2)cc1,0,4,1,-10.711,-10.711,-10.711,0.0,-10.711,0.0,9312,NC(=O)c1ccc(CNCC2CCC(NCc3ccc(C(N)=O)cc3)C2)cc1,145,156,145,32,145_32-1
NC(=O)c1ccc(NC(=O)c2ccc(C3CC3c3ccc(C(N)=O)cc3)cc2)cc1,0,3,1,-10.7039,-10.7039,-10.703899999999999,2.175583928816829e-15,-10.7039,0.0,8640,NC(=O)c1ccc(NC(=O)c2ccc(C3CC3c3ccc(C(N)=O)cc3)cc2)cc1,135,140,135,0,135_0-4
NC(=O)c1ccc(NC(=O)N2CCC(CN3CCC(c4ccc(C(N)=O)cc4)C3)C2)cc1,0,2,1,-10.701,-10.701,-10.701,0.0,-10.701,0.0,5711,NC(=O)c1ccc(NC(=O)N2CCC(CN3CCC(c4ccc(C(N)=O)cc4)C3)C2)cc1,89,95,89,15,89_15-4
NC(=O)c1ccc(OCC2CC(CCc3cccc(C(N)=O)c3)CCN2)cc1,0,2,1,-10.6817,-10.6817,-10.6817,0.0,-10.6817,0.0,8486,NC(=O)c1ccc(OCC2CC(CCc3cccc(C(N)=O)c3)CCN2)cc1,132,211,132,38,132_38-2
NC(=O)c1cccc(C(=O)CN2CCN(Cc3ccc(CNC(=O)c4cc5cccnc5[nH]4)cc3)CC2)c1,0,2,1,-10.6778,-10.6778,-10.6778,0.0,-10.6778,0.0,19306,NC(=O)c1cccc(C(=O)CN2CCN(Cc3ccc(CNC(=O)c4cc5cccnc5[nH]4)cc3)CC2)c1,301,307,301,42,301_42-1
O=C(NO)c1ccc(CCC2CCN(Cc3ccc(C(=O)NO)cc3)C2)cc1,0,2,1,-10.6771,-10.6771,-10.6771,0.0,-10.6771,0.0,11211,O=C(NO)c1ccc(CCC2CCN(Cc3ccc(C(=O)NO)cc3)C2)cc1,175,175,175,11,175_11-4
NC(=O)c1ccc(CN2CCC(c3ccc(C(=O)Nc4ccc(C(N)=O)cc4)cc3)C2)cc1,0,2,1,-10.6741,-10.6741,-10.6741,0.0,-10.6741,0.0,9460,NC(=O)c1ccc(CN2CCC(c3ccc(C(=O)Nc4ccc(C(N)=O)cc4)cc3)C2)cc1,147,153,147,52,147_52-4
NC(=O)c1ccc(CC2CCN(CCc3cccc(C(N)=O)c3)C2)cc1,0,2,1,-10.6726,-10.6726,-10.6726,0.0,-10.6726,0.0,8743,NC(=O)c1ccc(CC2CCN(CCc3cccc(C(N)=O)c3)C2)cc1,136,151,136,39,136_39-1
NC(=O)c1cccc(CCN2CCCC(Cc3cccc(C(N)=O)c3)CC2)c1,0,2,1,-10.6356,-10.6356,-10.6356,0.0,-10.6356,0.0,9404,NC(=O)c1cccc(CCN2CCCC(Cc3cccc(C(N)=O)c3)CC2)c1,146,147,146,60,146_60-4
NCc1ccc(C2CC2CN2CCC(CCc3ccc(C(N)=O)cc3)CC2)cc1,0,2,1,-10.6162,-10.6162,-10.6162,0.0,-10.6162,0.0,8610,NCc1ccc(C2CC2CN2CCC(CCc3ccc(C(N)=O)cc3)CC2)cc1,134,136,134,34,134_34-4
NC(=O)c1cccc(Cc2ccc(C3CCN(Cc4cccc(C(N)=O)c4)C3)cc2)c1,0,2,1,-10.6067,-10.6067,-10.6067,0.0,-10.6067,0.0,8343,NC(=O)c1cccc(Cc2ccc(C3CCN(Cc4cccc(C(N)=O)c4)C3)cc2)c1,130,159,130,23,130_23-4
NC(=O)c1ccc(CNC2CCN(Cc3ccc(C(N)=O)cc3)C2)cc1,0,6,1,-10.5884,-10.5884,-10.5884,0.0,-10.5884,0.0,12218,NC(=O)c1ccc(CNC2CCN(Cc3ccc(C(N)=O)cc3)C2)cc1,190,199,190,58,190_58-2
NC(=O)c1ccc(CNC2CCN(c3ccc(C(N)=O)cc3)CC2)cc1,0,2,1,-10.5749,-10.5749,-10.5749,0.0,-10.5749,0.0,11347,NC(=O)c1ccc(CNC2CCN(c3ccc(C(N)=O)cc3)CC2)cc1,177,181,177,19,177_19-1
NC(=O)c1cccc(CCC2CCC(CNCc3cccc(C(N)=O)c3)C2)c1,0,2,1,-10.5694,-10.5694,-10.5694,0.0,-10.5694,0.0,7532,NC(=O)c1cccc(CCC2CCC(CNCc3cccc(C(N)=O)c3)C2)c1,117,134,117,44,117_44-3
NC(=O)CCC1CCN(Cc2ccc(C(=O)N3CCN(c4cccc(C(N)=O)c4)CC3)cc2)CC1,0,2,1,-10.5402,-10.5402,-10.5402,0.0,-10.5402,0.0,10294,NC(=O)CCC1CCN(Cc2ccc(C(=O)N3CCN(c4cccc(C(N)=O)c4)CC3)cc2)CC1,160,161,160,54,160_54-2
NC(=O)c1ccc(CC2CCN(CCNC(=O)Nc3ccc(C(N)=O)cc3)CC2)cc1,0,5,1,-10.5259,-10.5259,-10.5259,0.0,-10.5259,0.0,9043,NC(=O)c1ccc(CC2CCN(CCNC(=O)Nc3ccc(C(N)=O)cc3)CC2)cc1,141,164,141,19,141_19-1
NC(=O)c1ccc(Cc2ccc(C3CC3c3ccc(C(N)=O)cc3)cc2)cc1,0,2,1,-10.4861,-10.4861,-10.4861,0.0,-10.4861,0.0,8397,NC(=O)c1ccc(Cc2ccc(C3CC3c3ccc(C(N)=O)cc3)cc2)cc1,131,134,131,13,131_13-4
NC(=O)c1ccc(CCCN2CCC(c3ccc(C(N)=O)cc3)C2)cc1,0,3,1,-10.4618,-10.4618,-10.4618,0.0,-10.4618,0.0,5299,NC(=O)c1ccc(CCCN2CCC(c3ccc(C(N)=O)cc3)C2)cc1,82,137,82,51,82_51-2
NC(=O)c1ccc(NC(=O)NCCN2CCC(Cn3cc(C(N)=O)ccc3=O)CC2)cc1,0,2,1,-10.407,-10.407,-10.407,0.0,-10.407,0.0,10260,NC(=O)c1ccc(NC(=O)NCCN2CCC(Cn3cc(C(N)=O)ccc3=O)CC2)cc1,160,162,160,20,160_20-1
NC(=O)c1ccc(C2CCN(CCc3ccc(C(=O)NO)cc3)C2)cc1,0,3,1,-10.3718,-10.3718,-10.3718,0.0,-10.3718,0.0,6552,NC(=O)c1ccc(C2CCN(CCc3ccc(C(=O)NO)cc3)C2)cc1,102,126,102,24,102_24-1
NC(=O)c1ccc(NC(=O)NCCN2CCC(COc3ccc(C(N)=O)cc3)C2)cc1,0,2,1,-10.3656,-10.3656,-10.3656,0.0,-10.3656,0.0,10753,NC(=O)c1ccc(NC(=O)NCCN2CCC(COc3ccc(C(N)=O)cc3)C2)cc1,168,173,168,1,168_1-4
NC(=O)c1ccc(C(=O)CN2CCC(CCc3cccc(C(N)=O)c3)CC2)cc1,0,2,1,-10.3158,-10.3158,-10.3158,0.0,-10.3158,0.0,8420,NC(=O)c1ccc(C(=O)CN2CCC(CCc3cccc(C(N)=O)c3)CC2)cc1,131,137,131,36,131_36-2
NC(=O)c1ccc2c(c1)CC(CN1CCC(NC(=O)Nc3ccccc3)C1)C2,0,3,1,-10.3057,-10.3057,-10.3057,0.0,-10.3057,0.0,12284,NC(=O)c1ccc2c(c1)CC(CN1CCC(NC(=O)Nc3ccccc3)C1)C2,191,215,191,60,191_60-7
NC(=O)c1ccc(CN2CCC(CCNC(=O)c3cccc(C(N)=O)c3)CC2)cc1,0,2,1,-10.2969,-10.2969,-10.2969,0.0,-10.2969,0.0,5753,NC(=O)c1ccc(CN2CCC(CCNC(=O)c3cccc(C(N)=O)c3)CC2)cc1,89,179,89,57,89_57-1
NC(=O)c1cccc(CN2CCC(CN3CCN(c4cccc(C(N)=O)c4)CC3)C2)c1,0,2,1,-10.2596,-10.2596,-10.2596,0.0,-10.2596,0.0,10202,NC(=O)c1cccc(CN2CCC(CN3CCN(c4cccc(C(N)=O)c4)CC3)C2)c1,159,185,159,26,159_26-2
NC(=O)c1ccc2c(c1)CN(C(=O)c1ccc(C(=O)NCc3ccc(C(=O)NO)cc3)cc1)C2,0,2,1,-10.2378,-10.2378,-10.2378,0.0,-10.2378,0.0,8353,NC(=O)c1ccc2c(c1)CN(C(=O)c1ccc(C(=O)NCc3ccc(C(=O)NO)cc3)cc1)C2,130,166,130,33,130_33-1
NC(=O)c1ccc(CC2CCC(COc3ccc(C(N)=O)cc3)C2)cc1,0,2,1,-10.2,-10.2,-10.2,0.0,-10.2,0.0,6952,NC(=O)c1ccc(CC2CCC(COc3ccc(C(N)=O)cc3)C2)cc1,108,129,108,40,108_40-3
NC(=O)c1ccc(CN2CCC(Cc3cccc(C(N)=O)c3)C2)cc1,0,2,1,-10.1767,-10.1767,-10.1767,0.0,-10.1767,0.0,6074,NC(=O)c1ccc(CN2CCC(Cc3cccc(C(N)=O)c3)C2)cc1,94,146,94,58,94_58-1
NC(=O)c1ccc(CN2CCC(CCNC(=O)Nc3ccc(C(N)=O)cc3)CC2)cc1,0,3,1,-10.1333,-10.1333,-10.1333,0.0,-10.1333,0.0,5660,NC(=O)c1ccc(CN2CCC(CCNC(=O)Nc3ccc(C(N)=O)cc3)CC2)cc1,88,143,88,28,88_28-1
NC(=O)c1ccc(CC2CCN(Cc3cccc(C(N)=O)c3)CC2)cc1,0,2,1,-10.034,-10.034,-10.034,0.0,-10.034,0.0,9068,NC(=O)c1ccc(CC2CCN(Cc3cccc(C(N)=O)c3)CC2)cc1,141,164,141,44,141_44-2
NC(=O)c1ccc(CN2Cc3ccc(C(N)=O)cc3C2)cc1,0,2,1,-10.0141,-10.0141,-10.0141,0.0,-10.0141,0.0,3802,NC(=O)c1ccc(CN2Cc3ccc(C(N)=O)cc3C2)cc1,59,69,59,26,59_26-2
NC(=O)c1cccc(C(=O)CN2CCN(Cc3ccc(CNC(=O)c4ccc5cc[nH]c5c4)cc3)CC2)c1,0,7,1,-9.9282,-9.9282,-9.928200000000002,1.9186846773327266e-15,-9.9282,0.0,19477,NC(=O)c1cccc(C(=O)CN2CCN(Cc3ccc(CNC(=O)c4ccc5cc[nH]c5c4)cc3)CC2)c1,304,309,304,21,304_21-1
NC(=O)CNCCC1CCN(Cc2ccc(C(N)=O)cc2)CC1,0,2,1,-9.90906,-9.90906,-9.90906,0.0,-9.90906,0.0,8180,NC(=O)CNCCC1CCN(Cc2ccc(C(N)=O)cc2)CC1,127,136,127,52,127_52-1
NC(=O)c1cccc(C(=O)N2CCN(Cc3ccc(CNC(=O)c4cc5ccccc5[nH]4)cc3)CC2)c1,0,7,1,-9.89242,-9.89242,-9.89242,0.0,-9.89242,0.0,19010,NC(=O)c1cccc(C(=O)N2CCN(Cc3ccc(CNC(=O)c4cc5ccccc5[nH]4)cc3)CC2)c1,297,330,297,2,297_2-1
NC(=O)c1ccc(CN2CCC(CCc3ccc(C(=O)NO)cc3)CC2)cc1,0,2,1,-9.86817,-9.86817,-9.86817,0.0,-9.86817,0.0,7371,NC(=O)c1ccc(CN2CCC(CCc3ccc(C(=O)NO)cc3)CC2)cc1,115,122,115,11,115_11-1
NC(=O)c1ccc(C(=O)NCC2CCN(CCc3ccc(C(=O)NO)cc3)CC2)cc1,0,2,1,-9.83538,-9.83538,-9.83538,0.0,-9.83538,0.0,7483,NC(=O)c1ccc(C(=O)NCC2CCN(CCc3ccc(C(=O)NO)cc3)CC2)cc1,116,123,116,59,116_59-1
NC(=O)c1ccc(CN2CCC(NC(=O)Nc3ccccc3)C2)cc1,0,2,1,-9.65678,-9.65678,-9.65678,0.0,-9.65678,0.0,14045,NC(=O)c1ccc(CN2CCC(NC(=O)Nc3ccccc3)C2)cc1,219,220,219,29,219_29-1
NCc1ccc(CNC(=O)C2CCN(CCc3ccc(C(N)=O)cc3)CC2)cc1,0,3,1,-9.63887,-9.63887,-9.63887,0.0,-9.63887,0.0,6245,NCc1ccc(CNC(=O)C2CCN(CCc3ccc(C(N)=O)cc3)CC2)cc1,97,104,97,37,97_37-1
NC(=O)c1ccc(C=Cc2cccc(C(N)=O)c2)cc1,0,2,1,-9.6256,-9.6256,-9.6256,0.0,-9.6256,0.0,5357,NC(=O)c1ccc(C=Cc2cccc(C(N)=O)c2)cc1,83,95,83,45,83_45-2
NC(=O)c1ccc(NC(=O)NC2CC(c3ccc(C(N)=O)cc3)C2)cc1,0,2,1,-9.60536,-9.60536,-9.60536,0.0,-9.60536,0.0,6058,NC(=O)c1ccc(NC(=O)NC2CC(c3ccc(C(N)=O)cc3)C2)cc1,94,94,94,42,94_42-1
NC(=O)c1ccc(CNC(=O)c2ccc(C(=O)NCc3ccc(C(=O)NO)cc3)cc2)cc1,0,2,1,-9.56741,-9.56741,-9.56741,0.0,-9.56741,0.0,7722,NC(=O)c1ccc(CNC(=O)c2ccc(C(=O)NCc3ccc(C(=O)NO)cc3)cc2)cc1,120,125,120,42,120_42-1
NCc1cccc(NC(=O)c2ccc(CN3Cc4ccc(C(N)=O)cc4C3)cc2)c1,0,2,1,-9.56475,-9.56475,-9.56475,0.0,-9.56475,0.0,12925,NCc1cccc(NC(=O)c2ccc(CN3Cc4ccc(C(N)=O)cc4C3)cc2)c1,201,238,201,61,201_61-2
NCc1cccc(CN2CCC(NC(=O)c3ccc(C(N)=O)cc3)CC2)c1,0,2,1,-9.56172,-9.56172,-9.56172,0.0,-9.56172,0.0,5179,NCc1cccc(CN2CCC(NC(=O)c3ccc(C(N)=O)cc3)CC2)c1,80,85,80,59,80_59-2
Cc1ccc(CN2CCC(NC(=O)Nc3ccc(C(N)=O)cc3)C2)cc1,0,2,1,-9.54467,-9.54467,-9.54467,0.0,-9.54467,0.0,5506,Cc1ccc(CN2CCC(NC(=O)Nc3ccc(C(N)=O)cc3)C2)cc1,86,95,86,2,86_2-3
NC(=O)c1cccc(Cc2ccc(C3CCNC3)cc2)c1,0,2,1,-9.53261,-9.53261,-9.53261,0.0,-9.53261,0.0,4282,NC(=O)c1cccc(Cc2ccc(C3CCNC3)cc2)c1,66,101,66,58,66_58-1
NC(=O)c1cccc(Cc2ccc(C(=O)N3CCc4cc(C(N)=O)ccc4C3)cc2)c1,0,2,1,-9.38378,-9.38378,-9.38378,0.0,-9.38378,0.0,8414,NC(=O)c1cccc(Cc2ccc(C(=O)N3CCc4cc(C(N)=O)ccc4C3)cc2)c1,131,146,131,30,131_30-1
NC(=O)c1ccc(CC2CCN(CC3CC3c3ccccc3)CC2)cc1,0,2,1,-9.26871,-9.26871,-9.26871,0.0,-9.26871,0.0,8273,NC(=O)c1ccc(CC2CCN(CC3CC3c3ccccc3)CC2)cc1,129,130,129,17,129_17-3
NC(=O)c1ccc(CNCCC2CCN(C(=O)c3ccc(C(N)=O)cc3)CC2)cc1,0,2,1,-8.85632,-8.85632,-8.85632,0.0,-8.85632,0.0,8546,NC(=O)c1ccc(CNCCC2CCN(C(=O)c3ccc(C(N)=O)cc3)CC2)cc1,133,146,133,34,133_34-1
NC(=O)c1ccc(CCC2CCN(C(=O)c3ccc(C(N)=O)cc3)CC2)cc1,0,2,1,-8.52508,-8.52508,-8.52508,0.0,-8.52508,0.0,8214,NC(=O)c1ccc(CCC2CCN(C(=O)c3ccc(C(N)=O)cc3)CC2)cc1,128,146,128,22,128_22-1
NC(=O)c1ccc(CNCc2ccc(CN3CCN(C(=O)c4cccc(C(N)=O)c4)CC3)cc2)cc1,0,2,1,-8.34389,-8.34389,-8.34389,0.0,-8.34389,0.0,19749,NC(=O)c1ccc(CNCc2ccc(CN3CCN(C(=O)c4cccc(C(N)=O)c4)CC3)cc2)cc1,308,309,308,37,308_37-1
c1ccc2c(c1)Cc1ccccc1C2,0,2,1,-7.79405,-7.79405,-7.79405,0.0,-7.79405,0.0,1243,c1ccc2c(c1)Cc1ccccc1C2,19,23,19,27,19_27-1
