crossdock_arm,ligand_state,receptor_state,crossdock_id,crossdock_selection_rank,Unnamed: 0,model,task,step,batch_idx,absolute_time,smiles,valid,valid_score,unique,occurrences,desc_QED,desc_SAscore,desc_CLogP,desc_MolWt,desc_HeavyAtomCount,desc_HeavyAtomMolWt,desc_NumHAcceptors,desc_NumHDonors,desc_NumHeteroatoms,desc_NumRotatableBonds,desc_NumAromaticRings,desc_NumAliphaticRings,desc_RingCount,desc_TPSA,desc_PenLogP,desc_FormalCharge,desc_MolecularFormula,desc_Bertz,desc_MaxConsecutiveRotatableBonds,desc_FlourineCount,PPS_r_i_docking_score,PPS_r_i_glide_ecoul,PPS_r_i_glide_emodel,PPS_r_i_glide_energy,PPS_r_i_glide_erotb,PPS_r_i_glide_esite,PPS_r_i_glide_evdw,PPS_r_i_glide_gscore,PPS_r_i_glide_hbond,PPS_r_i_glide_ligand_efficiency,PPS_r_i_glide_ligand_efficiency_ln,PPS_r_i_glide_ligand_efficiency_sa,PPS_r_i_glide_lipo,PPS_r_i_glide_metal,PPS_r_i_glide_rewards,PPS_NetCharge,PPS_PositiveCharge,PPS_NegativeCharge,PPS_best_variant,norm_PPS_r_i_docking_score,amean,filter,passes_diversity_filter,filtered_amean,score_time,diversity_filter,diversity_filter_params,prior,agent,batch_size,rl_strategy,sigma,canon_smiles,PAINS,BRENK,molecule_id,source_run,target_sdfgz,target_exists,target_size_bytes,target_ready,pipeline_ready,pipeline_status,pipeline_error,ligand_prep_mode,input_smiles,ligprep_status,source_ligand_file,prepared_ligand_file,prepared_variant_count,job_dir,pose_file,score_csv,best_score_csv,best_docking_score,PR_r_i_docking_score,PR_r_i_glide_ecoul,PR_r_i_glide_emodel,PR_r_i_glide_energy,PR_r_i_glide_erotb,PR_r_i_glide_esite,PR_r_i_glide_evdw,PR_r_i_glide_gscore,PR_r_i_glide_hbond,PR_r_i_glide_ligand_efficiency,PR_r_i_glide_ligand_efficiency_ln,PR_r_i_glide_ligand_efficiency_sa,PR_r_i_glide_lipo,PR_r_i_glide_metal,PR_r_i_glide_rewards,PR_NetCharge,PR_PositiveCharge,PR_NegativeCharge,PR_best_variant,norm_PR_r_i_docking_score
L_PPS_to_R_PR,PPS,PR,L_PPS_to_R_PR__354_49-1,1,22705,RNN,PPS_tester_run_2,354,49,1218369.3462395668,O=C1CN(C(=O)CNC(=O)c2c[nH]c(C(=O)NCc3ccc(CN4CCC(CNC(=O)c5ccc(C(F)(F)F)[nH]5)CC4)cc3)c2)CCN1,True,1,True,0,0.181115922034145,3.1955492387292885,1.621800000000002,670.6930000000001,48.0,633.397,6.0,6.0,16.0,11.0,3.0,2.0,5.0,171.53,-1.5737492387292866,0.0,C32H37F3N8O5,1626.451239930502,2.0,3.0,-16.0806,-24.4657,-187.721,-102.457,0.499428,-0.367996,-77.9916,-16.086,-1.54481,-0.335013,-3.30117,-1.21752,-4.8467,0.0,-2.25652,1.0,1.0,0.0,354_49-1,1.0,1.0,1.0,False,0.98,3748.9871571064,ScaffoldSimilarityECFP,,/home/andy/Project/MolScore_related/SMILES-RNN-main/priors/ChEMBL28pur.ckpt,/home/andy/Project/MolScore_related/SMILES-RNN-main/priors/ChEMBL28pur.ckpt,64.0,AHC,60.0,O=C1CN(C(=O)CNC(=O)c2c[nH]c(C(=O)NCc3ccc(CN4CCC(CNC(=O)c5ccc(C(F)(F)F)[nH]5)CC4)cc3)c2)CCN1,False,False,354_49-1,PPS,/home/andy/proj/Results/AHC_Resultsbin/2026_06_02_SMILES-RNN_PPS_tester_run_2/PPS_GlideDock/354/354_49-1_lib.sdfgz,True,2949,True,True,completed,,off,,not_requested,/home/andy/proj/Results/AHC_Resultsbin/2026_06_02_SMILES-RNN_PPS_tester_run_2/PPS_GlideDock/354/354_49-1_lib.sdfgz,/home/andy/proj/DProject_Workspace/testing/tempresults/crossdocking/L_PPS_to_R_PR/jobs/0001_354_49-1/input/354_49-1_lib.sdf,1,/home/andy/proj/DProject_Workspace/testing/tempresults/crossdocking/L_PPS_to_R_PR/jobs/0001_354_49-1,/home/andy/proj/DProject_Workspace/testing/tempresults/crossdocking/L_PPS_to_R_PR/jobs/0001_354_49-1/docking_lib.sdfgz,/home/andy/proj/DProject_Workspace/testing/tempresults/crossdocking/L_PPS_to_R_PR/jobs/0001_354_49-1/docking_scores.csv,/home/andy/proj/DProject_Workspace/testing/tempresults/crossdocking/L_PPS_to_R_PR/jobs/0001_354_49-1/best_docking_score.csv,-8.13662,,,,,,,,,,,,,,,,,,,,
L_PPS_to_R_PR,PPS,PR,L_PPS_to_R_PR__301_44-1,2,19308,RNN,PPS_tester_run_2,301,44,1056237.2494990826,NC(=O)c1cccc(C(=O)NC2Cc3n[nH]c(C(=O)NCc4ccc(CN5CCN(C(=O)c6cccc(C(F)(F)F)c6)CC5)cc4)c3C2)c1,True,1,True,0,0.2140006454629274,3.387089063987497,3.3126000000000024,673.6960000000003,49.0,639.4240000000002,6.0,4.0,14.0,9.0,4.0,2.0,6.0,153.52,-0.0744890639874951,0.0,C35H34F3N7O4,1882.485823514612,2.0,3.0,-15.8853,-29.0217,-195.439,-101.629,0.351843,-0.418309,-72.6072,-16.5073,-1.25619,-0.324189,-3.24731,-1.18631,-6.00392,0.0,-1.55031,1.0,1.0,0.0,301_44-1,1.0,1.0,1.0,False,0.98,2614.476305484772,ScaffoldSimilarityECFP,,/home/andy/Project/MolScore_related/SMILES-RNN-main/priors/ChEMBL28pur.ckpt,/home/andy/Project/MolScore_related/SMILES-RNN-main/priors/ChEMBL28pur.ckpt,64.0,AHC,60.0,NC(=O)c1cccc(C(=O)NC2Cc3n[nH]c(C(=O)NCc4ccc(CN5CCN(C(=O)c6cccc(C(F)(F)F)c6)CC5)cc4)c3C2)c1,False,False,301_44-1,PPS,/home/andy/proj/Results/AHC_Resultsbin/2026_06_02_SMILES-RNN_PPS_tester_run_2/PPS_GlideDock/301/301_44-1_lib.sdfgz,True,2942,True,True,completed,,off,,not_requested,/home/andy/proj/Results/AHC_Resultsbin/2026_06_02_SMILES-RNN_PPS_tester_run_2/PPS_GlideDock/301/301_44-1_lib.sdfgz,/home/andy/proj/DProject_Workspace/testing/tempresults/crossdocking/L_PPS_to_R_PR/jobs/0002_301_44-1/input/301_44-1_lib.sdf,1,/home/andy/proj/DProject_Workspace/testing/tempresults/crossdocking/L_PPS_to_R_PR/jobs/0002_301_44-1,/home/andy/proj/DProject_Workspace/testing/tempresults/crossdocking/L_PPS_to_R_PR/jobs/0002_301_44-1/docking_lib.sdfgz,/home/andy/proj/DProject_Workspace/testing/tempresults/crossdocking/L_PPS_to_R_PR/jobs/0002_301_44-1/docking_scores.csv,/home/andy/proj/DProject_Workspace/testing/tempresults/crossdocking/L_PPS_to_R_PR/jobs/0002_301_44-1/best_docking_score.csv,-6.89172,,,,,,,,,,,,,,,,,,,,
L_PPS_to_R_PR,PPS,PR,L_PPS_to_R_PR__244_14-6,3,15630,RNN,PPS_tester_run_2,244,14,869419.1683511734,NC(=O)c1ccc2c(c1)CCN(Cc1ccc(CN3CCC(CNC(=O)CNC(=O)CNc4cc5ccccc5[nH]4)C3)cc1)C2,True,1,True,0,0.1681199416246049,3.2584007701152204,2.991500000000002,607.7590000000001,45.0,566.4310000000003,6.0,5.0,10.0,12.0,4.0,2.0,6.0,135.59,-0.2669007701152184,0.0,C35H41N7O3,1632.5352710115494,3.0,0.0,-15.6897,-23.2724,-184.818,-98.0659,0.55505,-0.273201,-74.7935,-15.7541,-1.34796,-0.348661,-3.26417,-1.24015,-6.84686,0.0,-0.61062,2.0,2.0,0.0,244_14-6,1.0,1.0,1.0,False,0.98,5167.465041160584,ScaffoldSimilarityECFP,,/home/andy/Project/MolScore_related/SMILES-RNN-main/priors/ChEMBL28pur.ckpt,/home/andy/Project/MolScore_related/SMILES-RNN-main/priors/ChEMBL28pur.ckpt,64.0,AHC,60.0,NC(=O)c1ccc2c(c1)CCN(Cc1ccc(CN3CCC(CNC(=O)CNC(=O)CNc4cc5ccccc5[nH]4)C3)cc1)C2,False,False,244_14-6,PPS,/home/andy/proj/Results/AHC_Resultsbin/2026_06_02_SMILES-RNN_PPS_tester_run_2/PPS_GlideDock/244/244_14-6_lib.sdfgz,True,3006,True,True,completed,,off,,not_requested,/home/andy/proj/Results/AHC_Resultsbin/2026_06_02_SMILES-RNN_PPS_tester_run_2/PPS_GlideDock/244/244_14-6_lib.sdfgz,/home/andy/proj/DProject_Workspace/testing/tempresults/crossdocking/L_PPS_to_R_PR/jobs/0003_244_14-6/input/244_14-6_lib.sdf,1,/home/andy/proj/DProject_Workspace/testing/tempresults/crossdocking/L_PPS_to_R_PR/jobs/0003_244_14-6,/home/andy/proj/DProject_Workspace/testing/tempresults/crossdocking/L_PPS_to_R_PR/jobs/0003_244_14-6/docking_lib.sdfgz,/home/andy/proj/DProject_Workspace/testing/tempresults/crossdocking/L_PPS_to_R_PR/jobs/0003_244_14-6/docking_scores.csv,/home/andy/proj/DProject_Workspace/testing/tempresults/crossdocking/L_PPS_to_R_PR/jobs/0003_244_14-6/best_docking_score.csv,-9.67572,,,,,,,,,,,,,,,,,,,,
L_PPS_to_R_PR,PPS,PR,L_PPS_to_R_PR__251_62-4,4,16126,RNN,PPS_tester_run_2,251,62,897895.4415667057,O=C(CO)NC1CCc2cccc(NC(=O)NC3CCN(Cc4ccc(CN5C=CC(NC(=O)c6ccc7c(c6)CCNC7)CC5)cc4)C3)c2C1,True,1,True,0,0.1922106697746759,4.26838062613834,3.212100000000002,691.8769999999998,51.0,642.485,7.0,6.0,11.0,10.0,3.0,4.0,7.0,138.07,-1.0562806261383375,0.0,C40H49N7O4,1759.8675762382686,2.0,0.0,-15.5162,-25.2086,-176.885,-95.3279,0.45021,-0.5,-70.1193,-15.5162,-1.19665,-0.304239,-3.14613,-1.12825,-6.423,0.0,-0.55949,2.0,2.0,0.0,251_62-4,0.9889417898366444,0.9889417898366444,1.0,False,0.9691629540399116,3395.999973058701,ScaffoldSimilarityECFP,,/home/andy/Project/MolScore_related/SMILES-RNN-main/priors/ChEMBL28pur.ckpt,/home/andy/Project/MolScore_related/SMILES-RNN-main/priors/ChEMBL28pur.ckpt,64.0,AHC,60.0,O=C(CO)NC1CCc2cccc(NC(=O)NC3CCN(Cc4ccc(CN5C=CC(NC(=O)c6ccc7c(c6)CCNC7)CC5)cc4)C3)c2C1,False,False,251_62-4,PPS,/home/andy/proj/Results/AHC_Resultsbin/2026_06_02_SMILES-RNN_PPS_tester_run_2/PPS_GlideDock/251/251_62-4_lib.sdfgz,True,3410,True,True,completed,,off,,not_requested,/home/andy/proj/Results/AHC_Resultsbin/2026_06_02_SMILES-RNN_PPS_tester_run_2/PPS_GlideDock/251/251_62-4_lib.sdfgz,/home/andy/proj/DProject_Workspace/testing/tempresults/crossdocking/L_PPS_to_R_PR/jobs/0004_251_62-4/input/251_62-4_lib.sdf,1,/home/andy/proj/DProject_Workspace/testing/tempresults/crossdocking/L_PPS_to_R_PR/jobs/0004_251_62-4,/home/andy/proj/DProject_Workspace/testing/tempresults/crossdocking/L_PPS_to_R_PR/jobs/0004_251_62-4/docking_lib.sdfgz,/home/andy/proj/DProject_Workspace/testing/tempresults/crossdocking/L_PPS_to_R_PR/jobs/0004_251_62-4/docking_scores.csv,/home/andy/proj/DProject_Workspace/testing/tempresults/crossdocking/L_PPS_to_R_PR/jobs/0004_251_62-4/best_docking_score.csv,-8.40563,,,,,,,,,,,,,,,,,,,,
L_PPS_to_R_PR,PPS,PR,L_PPS_to_R_PR__237_40-1,5,15208,RNN,PPS_tester_run_2,237,40,833415.7167811394,NCc1ccc2c(c1)CCN(Cc1ccc(CN3CCCN(C4CCN(C(=O)CNC(=O)CNC(=O)c5cccc(C(N)=O)c5)CC4)C3)cc1)C2,True,1,True,0,0.2237697630642962,3.0225973262706898,1.8049000000000048,694.881,51.0,644.481,8.0,4.0,12.0,12.0,3.0,3.0,6.0,157.34,-1.2176973262706852,0.0,C39H50N8O4,1705.4493656468924,2.0,0.0,-15.2959,-25.3818,-176.609,-100.581,0.397843,-0.270873,-75.1994,-15.2959,-0.88001,-0.299919,-3.10146,-1.11223,-5.89626,0.0,-1.07932,3.0,3.0,0.0,237_40-1,1.0,1.0,1.0,False,0.98,5639.190758466721,ScaffoldSimilarityECFP,,/home/andy/Project/MolScore_related/SMILES-RNN-main/priors/ChEMBL28pur.ckpt,/home/andy/Project/MolScore_related/SMILES-RNN-main/priors/ChEMBL28pur.ckpt,64.0,AHC,60.0,NCc1ccc2c(c1)CCN(Cc1ccc(CN3CCCN(C4CCN(C(=O)CNC(=O)CNC(=O)c5cccc(C(N)=O)c5)CC4)C3)cc1)C2,False,False,237_40-1,PPS,/home/andy/proj/Results/AHC_Resultsbin/2026_06_02_SMILES-RNN_PPS_tester_run_2/PPS_GlideDock/237/237_40-1_lib.sdfgz,True,3501,True,True,completed,,off,,not_requested,/home/andy/proj/Results/AHC_Resultsbin/2026_06_02_SMILES-RNN_PPS_tester_run_2/PPS_GlideDock/237/237_40-1_lib.sdfgz,/home/andy/proj/DProject_Workspace/testing/tempresults/crossdocking/L_PPS_to_R_PR/jobs/0005_237_40-1/input/237_40-1_lib.sdf,1,/home/andy/proj/DProject_Workspace/testing/tempresults/crossdocking/L_PPS_to_R_PR/jobs/0005_237_40-1,/home/andy/proj/DProject_Workspace/testing/tempresults/crossdocking/L_PPS_to_R_PR/jobs/0005_237_40-1/docking_lib.sdfgz,/home/andy/proj/DProject_Workspace/testing/tempresults/crossdocking/L_PPS_to_R_PR/jobs/0005_237_40-1/docking_scores.csv,/home/andy/proj/DProject_Workspace/testing/tempresults/crossdocking/L_PPS_to_R_PR/jobs/0005_237_40-1/best_docking_score.csv,-8.97312,,,,,,,,,,,,,,,,,,,,
L_PPS_to_R_PR,PPS,PR,L_PPS_to_R_PR__247_46-7,6,15854,RNN,PPS_tester_run_2,247,46,883981.9963657856,NC(=O)c1ccc(CC(N)C(=O)NCC2CCN(Cc3ccc(CN4CCN(C(=O)c5cc(O)cc(C(F)(F)F)c5)CC4)cc3)C2)cc1,True,1,True,0,0.2463887533782114,3.469178811629214,2.976000000000002,666.7450000000002,48.0,625.417,7.0,4.0,13.0,11.0,3.0,2.0,5.0,145.23,-0.4931788116292113,0.0,C35H41F3N6O4,1591.3003262346126,3.0,3.0,-15.2575,-26.4885,-181.307,-97.305,0.286245,-0.394641,-70.8165,-15.6036,-0.981845,-0.317864,-3.13218,-1.15519,-5.17111,0.0,-1.82818,3.0,3.0,0.0,247_46-7,0.9724532655181424,0.9724532655181424,1.0,False,0.914106069587054,4061.9506170749664,ScaffoldSimilarityECFP,,/home/andy/Project/MolScore_related/SMILES-RNN-main/priors/ChEMBL28pur.ckpt,/home/andy/Project/MolScore_related/SMILES-RNN-main/priors/ChEMBL28pur.ckpt,64.0,AHC,60.0,NC(=O)c1ccc(CC(N)C(=O)NCC2CCN(Cc3ccc(CN4CCN(C(=O)c5cc(O)cc(C(F)(F)F)c5)CC4)cc3)C2)cc1,False,False,247_46-7,PPS,/home/andy/proj/Results/AHC_Resultsbin/2026_06_02_SMILES-RNN_PPS_tester_run_2/PPS_GlideDock/247/247_46-7_lib.sdfgz,True,3156,True,True,completed,,off,,not_requested,/home/andy/proj/Results/AHC_Resultsbin/2026_06_02_SMILES-RNN_PPS_tester_run_2/PPS_GlideDock/247/247_46-7_lib.sdfgz,/home/andy/proj/DProject_Workspace/testing/tempresults/crossdocking/L_PPS_to_R_PR/jobs/0006_247_46-7/input/247_46-7_lib.sdf,1,/home/andy/proj/DProject_Workspace/testing/tempresults/crossdocking/L_PPS_to_R_PR/jobs/0006_247_46-7,/home/andy/proj/DProject_Workspace/testing/tempresults/crossdocking/L_PPS_to_R_PR/jobs/0006_247_46-7/docking_lib.sdfgz,/home/andy/proj/DProject_Workspace/testing/tempresults/crossdocking/L_PPS_to_R_PR/jobs/0006_247_46-7/docking_scores.csv,/home/andy/proj/DProject_Workspace/testing/tempresults/crossdocking/L_PPS_to_R_PR/jobs/0006_247_46-7/best_docking_score.csv,-7.37552,,,,,,,,,,,,,,,,,,,,
L_PPS_to_R_PR,PPS,PR,L_PPS_to_R_PR__195_36-4,7,12516,RNN,PPS_tester_run_2,195,36,652668.7600364685,NC(=O)CN1CCC(c2ccc(CNC(=O)Nc3cccc(CN4CCN(C(=O)Cc5ccc(C(N)=O)cc5)CC4)c3)c(F)c2)C1,True,1,True,0,0.2555754247524288,3.1327625697908053,2.407800000000001,629.7370000000002,46.0,589.4170000000004,6.0,4.0,12.0,11.0,3.0,2.0,5.0,154.1,-0.7249625697908044,0.0,C34H40FN7O4,1573.916601353138,2.0,1.0,-15.2394,-33.3964,-208.727,-109.112,0.496349,-0.393018,-75.7152,-15.3388,-1.77725,-0.331292,-3.15605,-1.18703,-4.72289,0.0,-1.15622,2.0,2.0,0.0,195_36-4,1.0,1.0,1.0,False,0.98,4054.196685552597,ScaffoldSimilarityECFP,,/home/andy/Project/MolScore_related/SMILES-RNN-main/priors/ChEMBL28pur.ckpt,/home/andy/Project/MolScore_related/SMILES-RNN-main/priors/ChEMBL28pur.ckpt,64.0,AHC,60.0,NC(=O)CN1CCC(c2ccc(CNC(=O)Nc3cccc(CN4CCN(C(=O)Cc5ccc(C(N)=O)cc5)CC4)c3)c(F)c2)C1,False,False,195_36-4,PPS,/home/andy/proj/Results/AHC_Resultsbin/2026_06_02_SMILES-RNN_PPS_tester_run_2/PPS_GlideDock/195/195_36-4_lib.sdfgz,True,3013,True,True,completed,,off,,not_requested,/home/andy/proj/Results/AHC_Resultsbin/2026_06_02_SMILES-RNN_PPS_tester_run_2/PPS_GlideDock/195/195_36-4_lib.sdfgz,/home/andy/proj/DProject_Workspace/testing/tempresults/crossdocking/L_PPS_to_R_PR/jobs/0007_195_36-4/input/195_36-4_lib.sdf,1,/home/andy/proj/DProject_Workspace/testing/tempresults/crossdocking/L_PPS_to_R_PR/jobs/0007_195_36-4,/home/andy/proj/DProject_Workspace/testing/tempresults/crossdocking/L_PPS_to_R_PR/jobs/0007_195_36-4/docking_lib.sdfgz,/home/andy/proj/DProject_Workspace/testing/tempresults/crossdocking/L_PPS_to_R_PR/jobs/0007_195_36-4/docking_scores.csv,/home/andy/proj/DProject_Workspace/testing/tempresults/crossdocking/L_PPS_to_R_PR/jobs/0007_195_36-4/best_docking_score.csv,-7.88514,,,,,,,,,,,,,,,,,,,,
L_PPS_to_R_PR,PPS,PR,L_PPS_to_R_PR__235_46-4,8,15086,RNN,PPS_tester_run_2,235,46,822792.8344905376,NCc1ccc2ccc(C(=O)NCc3cccc(CN4CCC(CNC(=O)CNC(=O)C5CCC(CCc6ccc(C(N)=O)cc6)CC5)C4)c3)cc2c1,True,1,True,0,0.1186916438485695,3.3470180968913192,4.820900000000004,716.927,53.0,664.511,6.0,5.0,10.0,15.0,4.0,2.0,6.0,159.65,1.4738819031086852,0.0,C43H52N6O4,1902.8161037137736,3.0,0.0,-15.2269,-31.6541,-202.502,-110.062,0.483612,-0.309707,-78.4079,-15.2269,-1.48407,-0.287301,-3.06359,-1.07918,-5.33039,0.0,-0.666003,2.0,2.0,0.0,235_46-4,0.9991797577332442,0.9991797577332442,1.0,False,0.9791961625785792,5275.458074569702,ScaffoldSimilarityECFP,,/home/andy/Project/MolScore_related/SMILES-RNN-main/priors/ChEMBL28pur.ckpt,/home/andy/Project/MolScore_related/SMILES-RNN-main/priors/ChEMBL28pur.ckpt,64.0,AHC,60.0,NCc1ccc2ccc(C(=O)NCc3cccc(CN4CCC(CNC(=O)CNC(=O)C5CCC(CCc6ccc(C(N)=O)cc6)CC5)C4)c3)cc2c1,False,False,235_46-4,PPS,/home/andy/proj/Results/AHC_Resultsbin/2026_06_02_SMILES-RNN_PPS_tester_run_2/PPS_GlideDock/235/235_46-4_lib.sdfgz,True,3480,True,True,completed,,off,,not_requested,/home/andy/proj/Results/AHC_Resultsbin/2026_06_02_SMILES-RNN_PPS_tester_run_2/PPS_GlideDock/235/235_46-4_lib.sdfgz,/home/andy/proj/DProject_Workspace/testing/tempresults/crossdocking/L_PPS_to_R_PR/jobs/0008_235_46-4/input/235_46-4_lib.sdf,1,/home/andy/proj/DProject_Workspace/testing/tempresults/crossdocking/L_PPS_to_R_PR/jobs/0008_235_46-4,/home/andy/proj/DProject_Workspace/testing/tempresults/crossdocking/L_PPS_to_R_PR/jobs/0008_235_46-4/docking_lib.sdfgz,/home/andy/proj/DProject_Workspace/testing/tempresults/crossdocking/L_PPS_to_R_PR/jobs/0008_235_46-4/docking_scores.csv,/home/andy/proj/DProject_Workspace/testing/tempresults/crossdocking/L_PPS_to_R_PR/jobs/0008_235_46-4/best_docking_score.csv,-7.34036,,,,,,,,,,,,,,,,,,,,
L_PPS_to_R_PR,PPS,PR,L_PPS_to_R_PR__198_56-5,9,12728,RNN,PPS_tester_run_2,198,56,663916.0809419155,NC(=O)c1ccc(CC(=O)N2CCCN(Cc3ccc(CN4CCCC(CNC(=O)Nc5ccccc5C(N)=O)CC4)cc3)CC2)cc1,True,1,True,0,0.2481871013804946,3.048988818600054,3.585200000000003,653.828,48.0,606.4520000000001,6.0,4.0,11.0,11.0,3.0,2.0,5.0,154.1,-0.4637888186000509,0.0,C37H47N7O4,1560.6398009855354,2.0,0.0,-15.158,-25.2911,-176.025,-95.8446,0.439067,-0.505566,-70.5535,-15.2571,-1.11164,-0.315792,-3.11176,-1.14766,-6.25435,0.0,-0.503302,2.0,2.0,0.0,198_56-5,0.9946585823588856,0.9946585823588856,1.0,False,0.9150858957701749,4316.557765960693,ScaffoldSimilarityECFP,,/home/andy/Project/MolScore_related/SMILES-RNN-main/priors/ChEMBL28pur.ckpt,/home/andy/Project/MolScore_related/SMILES-RNN-main/priors/ChEMBL28pur.ckpt,64.0,AHC,60.0,NC(=O)c1ccc(CC(=O)N2CCCN(Cc3ccc(CN4CCCC(CNC(=O)Nc5ccccc5C(N)=O)CC4)cc3)CC2)cc1,False,False,198_56-5,PPS,/home/andy/proj/Results/AHC_Resultsbin/2026_06_02_SMILES-RNN_PPS_tester_run_2/PPS_GlideDock/198/198_56-5_lib.sdfgz,True,3216,True,True,completed,,off,,not_requested,/home/andy/proj/Results/AHC_Resultsbin/2026_06_02_SMILES-RNN_PPS_tester_run_2/PPS_GlideDock/198/198_56-5_lib.sdfgz,/home/andy/proj/DProject_Workspace/testing/tempresults/crossdocking/L_PPS_to_R_PR/jobs/0009_198_56-5/input/198_56-5_lib.sdf,1,/home/andy/proj/DProject_Workspace/testing/tempresults/crossdocking/L_PPS_to_R_PR/jobs/0009_198_56-5,/home/andy/proj/DProject_Workspace/testing/tempresults/crossdocking/L_PPS_to_R_PR/jobs/0009_198_56-5/docking_lib.sdfgz,/home/andy/proj/DProject_Workspace/testing/tempresults/crossdocking/L_PPS_to_R_PR/jobs/0009_198_56-5/docking_scores.csv,/home/andy/proj/DProject_Workspace/testing/tempresults/crossdocking/L_PPS_to_R_PR/jobs/0009_198_56-5/best_docking_score.csv,-8.0718,,,,,,,,,,,,,,,,,,,,
L_PPS_to_R_PR,PPS,PR,L_PPS_to_R_PR__318_5-1,10,20357,RNN,PPS_tester_run_2,318,5,1093471.857092619,NC(=O)c1ccc(CNC(=O)c2ccc(C(=O)N3CCN(Cc4ccc(CNC(=O)c5ccc6ncncc6c5)cc4)CC3)nn2)cc1,True,1,True,0,0.2061985637112718,2.756849872701748,2.3367000000000004,643.7080000000001,48.0,610.4440000000001,9.0,3.0,13.0,10.0,5.0,1.0,6.0,176.39999999999992,-0.4201498727017476,0.0,C35H33N9O4,1940.7164080215148,2.0,0.0,-15.0351,-24.7839,-194.708,-105.547,0.413645,-0.22966,-80.7628,-15.3799,-1.46163,-0.313231,-3.08653,-1.13836,-5.11807,0.0,-1.22845,1.0,1.0,0.0,318_5-1,0.94647882004117,0.94647882004117,1.0,False,0.7382534796321127,2611.381119966507,ScaffoldSimilarityECFP,,/home/andy/Project/MolScore_related/SMILES-RNN-main/priors/ChEMBL28pur.ckpt,/home/andy/Project/MolScore_related/SMILES-RNN-main/priors/ChEMBL28pur.ckpt,64.0,AHC,60.0,NC(=O)c1ccc(CNC(=O)c2ccc(C(=O)N3CCN(Cc4ccc(CNC(=O)c5ccc6ncncc6c5)cc4)CC3)nn2)cc1,False,False,318_5-1,PPS,/home/andy/proj/Results/AHC_Resultsbin/2026_06_02_SMILES-RNN_PPS_tester_run_2/PPS_GlideDock/318/318_5-1_lib.sdfgz,True,3064,True,True,completed,,off,,not_requested,/home/andy/proj/Results/AHC_Resultsbin/2026_06_02_SMILES-RNN_PPS_tester_run_2/PPS_GlideDock/318/318_5-1_lib.sdfgz,/home/andy/proj/DProject_Workspace/testing/tempresults/crossdocking/L_PPS_to_R_PR/jobs/0010_318_5-1/input/318_5-1_lib.sdf,1,/home/andy/proj/DProject_Workspace/testing/tempresults/crossdocking/L_PPS_to_R_PR/jobs/0010_318_5-1,/home/andy/proj/DProject_Workspace/testing/tempresults/crossdocking/L_PPS_to_R_PR/jobs/0010_318_5-1/docking_lib.sdfgz,/home/andy/proj/DProject_Workspace/testing/tempresults/crossdocking/L_PPS_to_R_PR/jobs/0010_318_5-1/docking_scores.csv,/home/andy/proj/DProject_Workspace/testing/tempresults/crossdocking/L_PPS_to_R_PR/jobs/0010_318_5-1/best_docking_score.csv,-9.6209,,,,,,,,,,,,,,,,,,,,
L_PR_to_R_PPS,PR,PPS,L_PR_to_R_PPS__248_35-2,1,15907,SMILES-RNN,PR_run,248,35,1188526.0463211536,NC(=O)c1ccc(NC(=O)CNCC2NC(CCc3ccc(O)cc3)C2O)cc1,True,1,True,0,0.3607059258740457,3.4137819451610687,0.3533000000000007,398.463,29.0,372.2550000000002,6.0,6.0,8.0,9.0,2.0,1.0,3.0,136.71,-3.060481945161068,0.0,C21H26N4O4,838.7645278388138,4.0,0.0,,,,,,,,,,,,,,,,,,,,,1.0,1.0,False,0.98,4536.569726228714,,,,,,,,NC(=O)c1ccc(NC(=O)CNCC2NC(CCc3ccc(O)cc3)C2O)cc1,False,False,248_35-2,PR,/home/andy/proj/701/output/2026_07_07_SMILES-RNN_PR_run/PR_GlideDock/248/248_35-2_lib.sdfgz,True,2264,True,True,completed,,off,,not_requested,/home/andy/proj/701/output/2026_07_07_SMILES-RNN_PR_run/PR_GlideDock/248/248_35-2_lib.sdfgz,/home/andy/proj/DProject_Workspace/testing/tempresults/crossdocking/L_PR_to_R_PPS/jobs/0001_248_35-2/input/248_35-2_lib.sdf,1,/home/andy/proj/DProject_Workspace/testing/tempresults/crossdocking/L_PR_to_R_PPS/jobs/0001_248_35-2,/home/andy/proj/DProject_Workspace/testing/tempresults/crossdocking/L_PR_to_R_PPS/jobs/0001_248_35-2/docking_lib.sdfgz,/home/andy/proj/DProject_Workspace/testing/tempresults/crossdocking/L_PR_to_R_PPS/jobs/0001_248_35-2/docking_scores.csv,/home/andy/proj/DProject_Workspace/testing/tempresults/crossdocking/L_PR_to_R_PPS/jobs/0001_248_35-2/best_docking_score.csv,-9.41149,-12.1111,-29.6738,-119.16,-74.0802,1.10517,-0.0882462,-44.4064,-12.147,-1.81637,-0.417626,-2.77314,-1.28308,-4.02301,0.0,-1.10423,1.0,1.0,0.0,248_35-2,1.0
L_PR_to_R_PPS,PR,PPS,L_PR_to_R_PPS__287_14-1,2,18382,SMILES-RNN,PR_run,287,14,1383400.1649034023,NC(=O)c1ccc(CC(O)C(O)CCN2CCC(c3ccc(O)cc3)C(O)C2)cc1,True,1,True,0,0.4384926964390645,3.5329083244561943,0.9958999999999988,414.50200000000007,30.0,384.2620000000002,6.0,5.0,7.0,8.0,2.0,1.0,3.0,127.25,-2.5370083244561954,0.0,C23H30N2O5,824.4920367918959,6.0,0.0,,,,,,,,,,,,,,,,,,,,,0.9992733938288016,1.0,False,0.8393896508161933,5712.583511829376,,,,,,,,NC(=O)c1ccc(CC(O)C(O)CCN2CCC(c3ccc(O)cc3)C(O)C2)cc1,False,False,287_14-1,PR,/home/andy/proj/701/output/2026_07_07_SMILES-RNN_PR_run/PR_GlideDock/287/287_14-1_lib.sdfgz,True,2372,True,True,completed,,off,,not_requested,/home/andy/proj/701/output/2026_07_07_SMILES-RNN_PR_run/PR_GlideDock/287/287_14-1_lib.sdfgz,/home/andy/proj/DProject_Workspace/testing/tempresults/crossdocking/L_PR_to_R_PPS/jobs/0002_287_14-1/input/287_14-1_lib.sdf,1,/home/andy/proj/DProject_Workspace/testing/tempresults/crossdocking/L_PR_to_R_PPS/jobs/0002_287_14-1,/home/andy/proj/DProject_Workspace/testing/tempresults/crossdocking/L_PR_to_R_PPS/jobs/0002_287_14-1/docking_lib.sdfgz,/home/andy/proj/DProject_Workspace/testing/tempresults/crossdocking/L_PR_to_R_PPS/jobs/0002_287_14-1/docking_scores.csv,/home/andy/proj/DProject_Workspace/testing/tempresults/crossdocking/L_PR_to_R_PPS/jobs/0002_287_14-1/best_docking_score.csv,-8.75785,-12.1023,-24.8426,-109.365,-69.339,0.800681,-0.0847879,-44.4964,-12.1159,-2.0287,-0.403409,-2.74977,-1.25349,-4.20907,0.0,-0.642785,1.0,1.0,0.0,287_14-1,0.9992733938288016
L_PR_to_R_PPS,PR,PPS,L_PR_to_R_PPS__196_17-5,3,12561,SMILES-RNN,PR_run,196,17,917490.2300350666,Oc1ccc(C2NCC(NCC(NCCCc3ccc4c(c3)OCO4)=C3CCc4cc(O)ccc43)C2O)cc1,True,1,True,0,0.2339814693239925,4.13090121339064,3.369800000000001,529.6370000000004,39.0,494.3570000000004,8.0,6.0,8.0,9.0,3.0,3.0,6.0,115.24,-0.7611012133906385,0.0,C31H35N3O5,1356.8304085446575,8.0,0.0,,,,,,,,,,,,,,,,,,,,,1.0,1.0,False,0.98,4664.132380723953,,,,,,,,Oc1ccc(C2NCC(NCC(NCCCc3ccc4c(c3)OCO4)=C3CCc4cc(O)ccc43)C2O)cc1,False,True,196_17-5,PR,/home/andy/proj/701/output/2026_07_07_SMILES-RNN_PR_run/PR_GlideDock/196/196_17-5_lib.sdfgz,True,2895,True,True,completed,,off,,not_requested,/home/andy/proj/701/output/2026_07_07_SMILES-RNN_PR_run/PR_GlideDock/196/196_17-5_lib.sdfgz,/home/andy/proj/DProject_Workspace/testing/tempresults/crossdocking/L_PR_to_R_PPS/jobs/0003_196_17-5/input/196_17-5_lib.sdf,1,/home/andy/proj/DProject_Workspace/testing/tempresults/crossdocking/L_PR_to_R_PPS/jobs/0003_196_17-5,/home/andy/proj/DProject_Workspace/testing/tempresults/crossdocking/L_PR_to_R_PPS/jobs/0003_196_17-5/docking_lib.sdfgz,/home/andy/proj/DProject_Workspace/testing/tempresults/crossdocking/L_PR_to_R_PPS/jobs/0003_196_17-5/docking_scores.csv,/home/andy/proj/DProject_Workspace/testing/tempresults/crossdocking/L_PR_to_R_PPS/jobs/0003_196_17-5/best_docking_score.csv,-8.2212,-11.9179,-25.2606,-120.84,-73.4449,0.58571,0.0,-48.1842,-12.4098,-1.57268,-0.305587,-2.55554,-1.03631,-4.37146,0.0,-0.85307,1.0,1.0,0.0,196_17-5,1.0
L_PR_to_R_PPS,PR,PPS,L_PR_to_R_PPS__284_8-2,4,18184,SMILES-RNN,PR_run,284,8,1367741.3775885105,NC(=O)c1ccc(NC(=O)CCCNC2CCC(c3ccc(O)cc3)C2O)cc1,True,1,True,0,0.4364353221294597,3.2197365417839565,2.1065,397.475,29.0,370.2590000000002,5.0,5.0,7.0,8.0,2.0,1.0,3.0,124.68,-1.113236541783957,0.0,C22H27N3O4,836.1408106049838,5.0,0.0,,,,,,,,,,,,,,,,,,,,,0.9561228955255924,1.0,False,0.7648983164204739,4540.276321172714,,,,,,,,NC(=O)c1ccc(NC(=O)CCCNC2CCC(c3ccc(O)cc3)C2O)cc1,False,True,284_8-2,PR,/home/andy/proj/701/output/2026_07_07_SMILES-RNN_PR_run/PR_GlideDock/284/284_8-2_lib.sdfgz,True,2299,True,True,completed,,off,,not_requested,/home/andy/proj/701/output/2026_07_07_SMILES-RNN_PR_run/PR_GlideDock/284/284_8-2_lib.sdfgz,/home/andy/proj/DProject_Workspace/testing/tempresults/crossdocking/L_PR_to_R_PPS/jobs/0004_284_8-2/input/284_8-2_lib.sdf,1,/home/andy/proj/DProject_Workspace/testing/tempresults/crossdocking/L_PR_to_R_PPS/jobs/0004_284_8-2,/home/andy/proj/DProject_Workspace/testing/tempresults/crossdocking/L_PR_to_R_PPS/jobs/0004_284_8-2/docking_lib.sdfgz,/home/andy/proj/DProject_Workspace/testing/tempresults/crossdocking/L_PR_to_R_PPS/jobs/0004_284_8-2/docking_scores.csv,/home/andy/proj/DProject_Workspace/testing/tempresults/crossdocking/L_PR_to_R_PPS/jobs/0004_284_8-2/best_docking_score.csv,-9.63767,-11.5797,-24.5136,-107.47,-67.8192,0.986758,-0.0896063,-43.3055,-11.585,-1.32489,-0.3993,-2.65146,-1.22678,-4.30739,0.0,-1.00759,1.0,1.0,0.0,284_8-2,0.9561228955255924
L_PR_to_R_PPS,PR,PPS,L_PR_to_R_PPS__291_3-2,5,18627,SMILES-RNN,PR_run,291,3,1406338.9042043686,NC(=O)c1ccc(NC(=O)CCCNC2C(O)C(c3ccc(O)cc3)C2F)cc1,True,1,True,0,0.4304645579710606,3.551332790772806,1.6644,401.4380000000001,29.0,377.24600000000015,5.0,5.0,8.0,8.0,2.0,1.0,3.0,124.68,-1.8869327907728053,0.0,C21H24FN3O4,847.2348572295061,5.0,1.0,,,,,,,,,,,,,,,,,,,,,0.9548761053909224,1.0,False,0.763900884312738,5740.877912044525,,,,,,,,NC(=O)c1ccc(NC(=O)CCCNC2C(O)C(c3ccc(O)cc3)C2F)cc1,False,True,291_3-2,PR,/home/andy/proj/701/output/2026_07_07_SMILES-RNN_PR_run/PR_GlideDock/291/291_3-2_lib.sdfgz,True,2239,True,True,completed,,off,,not_requested,/home/andy/proj/701/output/2026_07_07_SMILES-RNN_PR_run/PR_GlideDock/291/291_3-2_lib.sdfgz,/home/andy/proj/DProject_Workspace/testing/tempresults/crossdocking/L_PR_to_R_PPS/jobs/0005_291_3-2/input/291_3-2_lib.sdf,1,/home/andy/proj/DProject_Workspace/testing/tempresults/crossdocking/L_PR_to_R_PPS/jobs/0005_291_3-2,/home/andy/proj/DProject_Workspace/testing/tempresults/crossdocking/L_PR_to_R_PPS/jobs/0005_291_3-2/docking_lib.sdfgz,/home/andy/proj/DProject_Workspace/testing/tempresults/crossdocking/L_PR_to_R_PPS/jobs/0005_291_3-2/docking_scores.csv,/home/andy/proj/DProject_Workspace/testing/tempresults/crossdocking/L_PR_to_R_PPS/jobs/0005_291_3-2/best_docking_score.csv,-8.95297,-11.5646,-25.9117,-113.802,-71.4071,0.969331,-0.0864808,-45.4955,-11.6898,-1.40323,-0.398778,-2.64799,-1.22517,-3.90483,0.0,-1.10308,1.0,1.0,0.0,291_3-2,0.9548761053909224
L_PR_to_R_PPS,PR,PPS,L_PR_to_R_PPS__237_61-6,6,15229,SMILES-RNN,PR_run,237,61,1126803.6335115433,Oc1ccc(C=CCNCCNC2CNC(c3ccc(O)cc3)C2O)cc1,True,1,True,0,0.3935166332887448,3.737168198351295,1.3641999999999994,369.465,27.0,342.24900000000014,6.0,6.0,6.0,8.0,2.0,1.0,3.0,96.78,-2.372968198351296,0.0,C21H27N3O3,731.341981324491,6.0,0.0,,,,,,,,,,,,,,,,,,,,,0.9676117436796752,1.0,False,0.9482595088060816,5332.63777256012,,,,,,,,Oc1ccc(C=CCNCCNC2CNC(c3ccc(O)cc3)C2O)cc1,False,True,237_61-6,PR,/home/andy/proj/701/output/2026_07_07_SMILES-RNN_PR_run/PR_GlideDock/237/237_61-6_lib.sdfgz,True,2259,True,True,completed,,off,,not_requested,/home/andy/proj/701/output/2026_07_07_SMILES-RNN_PR_run/PR_GlideDock/237/237_61-6_lib.sdfgz,/home/andy/proj/DProject_Workspace/testing/tempresults/crossdocking/L_PR_to_R_PPS/jobs/0006_237_61-6/input/237_61-6_lib.sdf,1,/home/andy/proj/DProject_Workspace/testing/tempresults/crossdocking/L_PR_to_R_PPS/jobs/0006_237_61-6,/home/andy/proj/DProject_Workspace/testing/tempresults/crossdocking/L_PR_to_R_PPS/jobs/0006_237_61-6/docking_lib.sdfgz,/home/andy/proj/DProject_Workspace/testing/tempresults/crossdocking/L_PR_to_R_PPS/jobs/0006_237_61-6/docking_scores.csv,/home/andy/proj/DProject_Workspace/testing/tempresults/crossdocking/L_PR_to_R_PPS/jobs/0006_237_61-6/best_docking_score.csv,-8.00934,-11.5319,-26.7464,-101.761,-65.5802,1.11911,0.0,-38.8338,-11.6213,-1.3903,-0.427109,-2.68444,-1.28133,-4.48052,0.0,-0.927952,2.0,2.0,0.0,237_61-6,0.9676117436796752
L_PR_to_R_PPS,PR,PPS,L_PR_to_R_PPS__261_48-6,7,16752,SMILES-RNN,PR_run,261,48,1255569.3204188347,Oc1ccc(C2CCNC(CCC(O)Cc3ccc(O)cc3C=CCc3ccccc3)C2O)cc1,True,1,True,0,0.3145927132903043,4.0169640764091925,4.543900000000004,473.61300000000017,35.0,438.3330000000003,5.0,5.0,5.0,9.0,3.0,1.0,4.0,92.95,0.5269359235908118,0.0,C30H35NO4,1097.0991804027503,5.0,0.0,,,,,,,,,,,,,,,,,,,,,0.9520522495892196,1.0,False,0.9330112045974354,5535.814265727997,,,,,,,,Oc1ccc(C2CCNC(CCC(O)Cc3ccc(O)cc3C=CCc3ccccc3)C2O)cc1,False,False,261_48-6,PR,/home/andy/proj/701/output/2026_07_07_SMILES-RNN_PR_run/PR_GlideDock/261/261_48-6_lib.sdfgz,True,2593,True,True,completed,,off,,not_requested,/home/andy/proj/701/output/2026_07_07_SMILES-RNN_PR_run/PR_GlideDock/261/261_48-6_lib.sdfgz,/home/andy/proj/DProject_Workspace/testing/tempresults/crossdocking/L_PR_to_R_PPS/jobs/0007_261_48-6/input/261_48-6_lib.sdf,1,/home/andy/proj/DProject_Workspace/testing/tempresults/crossdocking/L_PR_to_R_PPS/jobs/0007_261_48-6,/home/andy/proj/DProject_Workspace/testing/tempresults/crossdocking/L_PR_to_R_PPS/jobs/0007_261_48-6/docking_lib.sdfgz,/home/andy/proj/DProject_Workspace/testing/tempresults/crossdocking/L_PR_to_R_PPS/jobs/0007_261_48-6/docking_scores.csv,/home/andy/proj/DProject_Workspace/testing/tempresults/crossdocking/L_PR_to_R_PPS/jobs/0007_261_48-6/best_docking_score.csv,-11.2095,-11.5304,-24.6868,-108.687,-70.7281,0.718694,0.0,-46.0413,-11.5349,-1.46906,-0.32944,-2.53118,-1.07762,-4.49568,0.0,-0.283812,1.0,1.0,0.0,261_48-6,0.9520522495892196
L_PR_to_R_PPS,PR,PPS,L_PR_to_R_PPS__290_10-7,8,18570,SMILES-RNN,PR_run,290,10,1400926.84308815,NC(=O)c1ccc(C(O)CNCCCCN2CCC(c3ccc(O)cc3)C(O)C2)cc1,True,1,True,0,0.3686921571906392,3.2956741811054497,1.7446999999999984,427.545,31.0,394.2810000000002,6.0,5.0,7.0,10.0,2.0,1.0,3.0,119.05,-1.5509741811054514,0.0,C24H33N3O4,825.7229824899104,8.0,0.0,,,,,,,,,,,,,,,,,,,,,0.9520192220359834,1.0,False,0.8948980687138244,5411.738835811615,,,,,,,,NC(=O)c1ccc(C(O)CNCCCCN2CCC(c3ccc(O)cc3)C(O)C2)cc1,False,True,290_10-7,PR,/home/andy/proj/701/output/2026_07_07_SMILES-RNN_PR_run/PR_GlideDock/290/290_10-7_lib.sdfgz,True,2439,True,True,completed,,off,,not_requested,/home/andy/proj/701/output/2026_07_07_SMILES-RNN_PR_run/PR_GlideDock/290/290_10-7_lib.sdfgz,/home/andy/proj/DProject_Workspace/testing/tempresults/crossdocking/L_PR_to_R_PPS/jobs/0008_290_10-7/input/290_10-7_lib.sdf,1,/home/andy/proj/DProject_Workspace/testing/tempresults/crossdocking/L_PR_to_R_PPS/jobs/0008_290_10-7,/home/andy/proj/DProject_Workspace/testing/tempresults/crossdocking/L_PR_to_R_PPS/jobs/0008_290_10-7/docking_lib.sdfgz,/home/andy/proj/DProject_Workspace/testing/tempresults/crossdocking/L_PR_to_R_PPS/jobs/0008_290_10-7/docking_scores.csv,/home/andy/proj/DProject_Workspace/testing/tempresults/crossdocking/L_PR_to_R_PPS/jobs/0008_290_10-7/best_docking_score.csv,-9.51504,-11.53,-24.9068,-108.81,-66.4626,0.969356,-0.0938009,-41.5558,-11.53,-1.94309,-0.371937,-2.60038,-1.16839,-4.16838,0.0,-0.480325,2.0,2.0,0.0,290_10-7,0.9520192220359834
L_PR_to_R_PPS,PR,PPS,L_PR_to_R_PPS__284_41-3,9,18217,SMILES-RNN,PR_run,284,41,1367741.3775885105,NC(=O)c1ccc(CC(=O)NCCNC2CCC(c3ccc(O)cc3)C2O)cc1,True,1,True,0,0.4259280944129625,3.280809900132926,1.0464999999999995,397.475,29.0,370.2590000000002,5.0,5.0,7.0,8.0,2.0,1.0,3.0,124.68,-2.2343099001329265,0.0,C22H27N3O4,836.1408106049838,4.0,0.0,,,,,,,,,,,,,,,,,,,,,0.9503017892676964,1.0,False,0.9312957534823424,4540.276321172714,,,,,,,,NC(=O)c1ccc(CC(=O)NCCNC2CCC(c3ccc(O)cc3)C2O)cc1,False,True,284_41-3,PR,/home/andy/proj/701/output/2026_07_07_SMILES-RNN_PR_run/PR_GlideDock/284/284_41-3_lib.sdfgz,True,2292,True,True,completed,,off,,not_requested,/home/andy/proj/701/output/2026_07_07_SMILES-RNN_PR_run/PR_GlideDock/284/284_41-3_lib.sdfgz,/home/andy/proj/DProject_Workspace/testing/tempresults/crossdocking/L_PR_to_R_PPS/jobs/0009_284_41-3/input/284_41-3_lib.sdf,1,/home/andy/proj/DProject_Workspace/testing/tempresults/crossdocking/L_PR_to_R_PPS/jobs/0009_284_41-3,/home/andy/proj/DProject_Workspace/testing/tempresults/crossdocking/L_PR_to_R_PPS/jobs/0009_284_41-3/docking_lib.sdfgz,/home/andy/proj/DProject_Workspace/testing/tempresults/crossdocking/L_PR_to_R_PPS/jobs/0009_284_41-3/docking_scores.csv,/home/andy/proj/DProject_Workspace/testing/tempresults/crossdocking/L_PR_to_R_PPS/jobs/0009_284_41-3/best_docking_score.csv,-11.3083,-11.5092,-25.5902,-103.557,-64.6499,0.986758,-0.111704,-39.0597,-11.5335,-1.37876,-0.39687,-2.63532,-1.21931,-4.2074,0.0,-1.03089,1.0,1.0,0.0,284_41-3,0.9503017892676964
L_PR_to_R_PPS,PR,PPS,L_PR_to_R_PPS__277_23-1,10,17751,SMILES-RNN,PR_run,277,23,1331223.3345279694,NC(=O)c1ccc(C2CCNC(NCC=CCc3ccc(C(=O)O)cc3)C2O)cc1,True,1,True,0,0.4222775830125866,3.7535730252556414,1.6360999999999997,409.4860000000001,30.0,382.27000000000015,5.0,5.0,7.0,8.0,2.0,1.0,3.0,124.68,-2.117473025255641,0.0,C23H27N3O4,893.669164714026,3.0,0.0,,,,,,,,,,,,,,,,,,,,,0.9465283913104507,1.0,False,0.9086672556580326,4829.065973997116,,,,,,,,NC(=O)c1ccc(C2CCNC(NCC=CCc3ccc(C(=O)O)cc3)C2O)cc1,False,True,277_23-1,PR,/home/andy/proj/701/output/2026_07_07_SMILES-RNN_PR_run/PR_GlideDock/277/277_23-1_lib.sdfgz,True,2412,True,True,completed,,off,,not_requested,/home/andy/proj/701/output/2026_07_07_SMILES-RNN_PR_run/PR_GlideDock/277/277_23-1_lib.sdfgz,/home/andy/proj/DProject_Workspace/testing/tempresults/crossdocking/L_PR_to_R_PPS/jobs/0010_277_23-1/input/277_23-1_lib.sdf,1,/home/andy/proj/DProject_Workspace/testing/tempresults/crossdocking/L_PR_to_R_PPS/jobs/0010_277_23-1,/home/andy/proj/DProject_Workspace/testing/tempresults/crossdocking/L_PR_to_R_PPS/jobs/0010_277_23-1/docking_lib.sdfgz,/home/andy/proj/DProject_Workspace/testing/tempresults/crossdocking/L_PR_to_R_PPS/jobs/0010_277_23-1/docking_scores.csv,/home/andy/proj/DProject_Workspace/testing/tempresults/crossdocking/L_PR_to_R_PPS/jobs/0010_277_23-1/best_docking_score.csv,-6.74459,-11.4635,-27.7347,-102.727,-64.26,0.70463,-0.0851251,-36.5253,-11.5959,-1.78738,-0.382116,-2.60463,-1.18732,-3.53453,0.0,-1.06719,0.0,1.0,-1.0,277_23-1,0.9465283913104507
