crossdock_arm,ligand_state,receptor_state,crossdock_id,selection_index,molecule_id,source_run,source_step,ligand_prep_mode,prepared_variant_count,docked_pose_count,pose,title,smiles,i_epik_Tot_Q,i_epik_Tot_abs_Q,i_i_glide_confnum,i_i_glide_lignum,i_i_glide_posenum,i_i_glide_rotatable_bonds,i_lp_mmshare_version,i_m_source_file_index,i_f3d_flags,b_lp_Chiralities_Consistent,r_epik_Charging_Adjusted_Penalty,r_epik_Ionization_Penalty,r_epik_Ionization_Penalty_Charging,r_epik_Ionization_Penalty_Neutral,r_epik_State_Penalty,r_i_docking_score,r_i_glide_ecoul,r_i_glide_eff_state_penalty,r_i_glide_einternal,r_i_glide_emodel,r_i_glide_energy,r_i_glide_erotb,r_i_glide_esite,r_i_glide_evdw,r_i_glide_gscore,r_i_glide_hbond,r_i_glide_ligand_efficiency,r_i_glide_ligand_efficiency_ln,r_i_glide_ligand_efficiency_sa,r_i_glide_lipo,r_i_glide_metal,r_i_glide_rewards,r_lp_Energy,s_epik_cmdline,s_epik_input,s_i_glide_gridfile,s_lp_Force_Field,s_lp_Variant,s_m_source_file,r_lp_tautomer_probability,s_epik_Chemistry_Notes
L_PPS_to_R_PR,PPS,PR,L_PPS_to_R_PR__354_49-1,1,354_49-1,PPS,354,off,1,1,1,/home/andy/proj/701/output/2026_06_02_SMILES-RNN_PPS_tester_run_2/PPS_GlideDock/354/354_49.smi:1,O=C1CN(C(=O)CNC(=O)c2c[nH]c(C(=O)NCc3ccc(C[N@H+]4CC[C@H](CNC(=O)c5ccc(C(F)(F)F)[nH]5)CC4)cc3)c2)CCN1,1,1,140,1,306,16,66139,1,0,1,0.0108056,0.00560738,0.00540282,0.000204555,0.00540282,-8.13662,-9.69068,0.00540282,20.1399,-86.0676,-63.7221,0.499428,-0.132425,-54.0314,-8.14202,-0.473548,-0.169513,-1.67035,-0.616051,-2.13946,0,-1.74084,46.9643,J2VwaWtfcHl0aG9uJywgJy1waHQnLCAnMS4wJywgJy1waCcsICc3LjAnLCAnLXRuJywgJzgnLCAnLW1hJywgJzIwMCcsICctaW1hZScsICc8aW5maWxlLm1hZT4nLCAnLW9tYWUnLCAnPG91dGZpbGUubWFlPic=,Tz1DMVtDSDJdTihbQ0gyXVtDSDJdW05IXTEpQyg9TylbQ0gyXVtOSF1DKD1PKWMyW2NIXVtuSF1jKFtjSF0yKUMoPU8pW05IXVtDSDJdYzNbY0hdW2NIXWMoW2NIXVtjSF0zKVtDSDJdTjRbQ0gyXVtDSDJdW0NIXShbQ0gyXVtDSDJdNClbQ0gyXVtOSF1DKD1PKWM1W2NIXVtjSF1jKEMoRikoRilGKVtuSF01,PR_Auto_Grid,S-OPLS,/home/andy/proj/701/output/2026_06_02_SMILES-RNN_PPS_tester_run_2/PPS_GlideDock/354/354_49.smi:1-1,/home/andy/proj/701/output/2026_06_02_SMILES-RNN_PPS_tester_run_2/PPS_GlideDock/354/354_49.smi,,
L_PPS_to_R_PR,PPS,PR,L_PPS_to_R_PR__301_44-1,2,301_44-1,PPS,301,off,1,1,1,/home/andy/proj/701/output/2026_06_02_SMILES-RNN_PPS_tester_run_2/PPS_GlideDock/301/301_44.smi:1,NC(=O)c1cccc(C(=O)N[C@H]2Cc3n[nH]c(C(=O)NCc4ccc(C[NH+]5CCN(C(=O)c6cccc(C(F)(F)F)c6)CC5)cc4)c3C2)c1,1,1,121,1,397,13,66139,1,0,1,0.83331,0.211317,0.211315,1.64638e-06,0.621995,-6.89172,-12.1911,0.621995,12.8736,-88.8132,-64.6975,0.351843,-0.193035,-52.5064,-7.51372,-0.745255,-0.140647,-1.40883,-0.514672,-2.12078,0,-0.352513,68.3862,J2VwaWtfcHl0aG9uJywgJy1waHQnLCAnMS4wJywgJy1waCcsICc3LjAnLCAnLXRuJywgJzgnLCAnLW1hJywgJzIwMCcsICctaW1hZScsICc8aW5maWxlLm1hZT4nLCAnLW9tYWUnLCAnPG91dGZpbGUubWFlPic=,W05IMl1DKD1PKWMxW2NIXVtjSF1bY0hdYyhbY0hdMSlDKD1PKVtOSF1bQ0BASF0oW0NIMl0yKVtDSDJdYyhjMjMpYyhbbkhdbjMpQyg9TylbTkhdW0NIMl1jNFtjSF1bY0hdYyhbY0hdW2NIXTQpW0NIMl1ONVtDSDJdW0NIMl1OKFtDSDJdW0NIMl01KUMoPU8pYzZbY0hdW2NIXVtjSF1jKEMoRikoRilGKVtjSF02,PR_Auto_Grid,S-OPLS,/home/andy/proj/701/output/2026_06_02_SMILES-RNN_PPS_tester_run_2/PPS_GlideDock/301/301_44.smi:1-1,/home/andy/proj/701/output/2026_06_02_SMILES-RNN_PPS_tester_run_2/PPS_GlideDock/301/301_44.smi,0.5,
L_PPS_to_R_PR,PPS,PR,L_PPS_to_R_PR__244_14-6,3,244_14-6,PPS,244,off,1,1,1,/home/andy/proj/701/output/2026_06_02_SMILES-RNN_PPS_tester_run_2/PPS_GlideDock/244/244_14.smi:1,NC(=O)c1ccc2c(c1)CC[N@H+](Cc1ccc(C[N@H+]3CC[C@H](CNC(=O)CNC(=O)CNc4cc5ccccc5[nH]4)C3)cc1)C2,2,2,147,1,151,14,66139,1,0,1,0.140697,0.0763308,0.0763175,1.33037e-05,0.0643791,-9.67572,-19.6397,0.0643791,21.778,-108.909,-76.3164,0.55505,-0.211369,-56.6767,-9.74009,-0.608,-0.215016,-2.01298,-0.764789,-3.57694,0,-0.119048,53.0046,J2VwaWtfcHl0aG9uJywgJy1waHQnLCAnMS4wJywgJy1waCcsICc3LjAnLCAnLXRuJywgJzgnLCAnLW1hJywgJzIwMCcsICctaW1hZScsICc8aW5maWxlLm1hZT4nLCAnLW9tYWUnLCAnPG91dGZpbGUubWFlPic=,W05IMl1DKD1PKWMoW2NIXVtjSF0xKVtjSF1jKGMxMilbQ0gyXVtDSDJdTihbQ0gyXTIpW0NIMl1jM1tjSF1bY0hdYyhbY0hdW2NIXTMpW0NIMl1ONFtDSDJdW0NIMl1bQ0BIXShbQ0gyXTQpW0NIMl1bTkhdQyg9TylbQ0gyXVtOSF1DKD1PKVtDSDJdW05IXWMoW2NIXTUpW25IXWMoYzU2KVtjSF1bY0hdW2NIXVtjSF02,PR_Auto_Grid,S-OPLS,/home/andy/proj/701/output/2026_06_02_SMILES-RNN_PPS_tester_run_2/PPS_GlideDock/244/244_14.smi:1-6,/home/andy/proj/701/output/2026_06_02_SMILES-RNN_PPS_tester_run_2/PPS_GlideDock/244/244_14.smi,,
L_PPS_to_R_PR,PPS,PR,L_PPS_to_R_PR__251_62-4,4,251_62-4,PPS,251,off,1,1,1,/home/andy/proj/701/output/2026_06_02_SMILES-RNN_PPS_tester_run_2/PPS_GlideDock/251/251_62.smi:1,O=C(CO)N[C@@H]1CCc2cccc(NC(=O)N[C@@H]3CC[N@H+](Cc4ccc(CN5C=C[C@@H](NC(=O)c6ccc7c(c6)CC[NH2+]C7)CC5)cc4)C3)c2C1,2,2,102,1,258,15,66139,1,0,1,0.0214752,0.0215456,0.0214752,7.04161e-05,0.0,-8.40563,-16.2591,0.0,11.9342,-108.072,-74.3933,0.45021,-0.0465303,-58.1342,-8.40563,-0.456,-0.164816,-1.70437,-0.61121,-2.55042,0,-0.45732,83.6981,J2VwaWtfcHl0aG9uJywgJy1waHQnLCAnMS4wJywgJy1waCcsICc3LjAnLCAnLXRuJywgJzgnLCAnLW1hJywgJzIwMCcsICctaW1hZScsICc8aW5maWxlLm1hZT4nLCAnLW9tYWUnLCAnPG91dGZpbGUubWFlPic=,W09IXVtDSDJdQyg9TylbTkhdW0NAQEhdKFtDSDJdW0NIMl0xKVtDSDJdYyhjMTIpYyhbY0hdW2NIXVtjSF0yKVtOSF1DKD1PKVtOSF1bQ0BIXTNbQ0gyXVtDSDJdTihbQ0gyXTMpW0NIMl1jNFtjSF1bY0hdYyhbY0hdW2NIXTQpW0NIMl1ONVtDSF09W0NIXVtDQEhdKFtDSDJdW0NIMl01KVtOSF1DKD1PKWMoW2NIXVtjSF02KVtjSF1jKGM2NylbQ0gyXVtDSDJdW05IXVtDSDJdNw==,PR_Auto_Grid,S-OPLS,/home/andy/proj/701/output/2026_06_02_SMILES-RNN_PPS_tester_run_2/PPS_GlideDock/251/251_62.smi:1-4,/home/andy/proj/701/output/2026_06_02_SMILES-RNN_PPS_tester_run_2/PPS_GlideDock/251/251_62.smi,1.0,This compound has an imine and may undergo hydrolysis.
L_PPS_to_R_PR,PPS,PR,L_PPS_to_R_PR__237_40-1,5,237_40-1,PPS,237,off,1,1,1,/home/andy/proj/701/output/2026_06_02_SMILES-RNN_PPS_tester_run_2/PPS_GlideDock/237/237_40.smi:1,NC(=O)c1cccc(C(=O)NCC(=O)NCC(=O)N2CCC([N@H+]3CCCN(Cc4ccc(C[N@@H+]5CCc6cc(C[NH3+])ccc6C5)cc4)C3)CC2)c1,3,3,339,1,2,15,66139,1,0,1,0.115251,0.115252,0.115251,1.28852e-06,0.0,-8.97312,-18.0802,0.0,11.6692,-101.444,-70.6012,0.397843,-0.142188,-52.5211,-8.97312,-0.361143,-0.175943,-1.81943,-0.652474,-3.29956,0,-0.229987,84.1394,J2VwaWtfcHl0aG9uJywgJy1waHQnLCAnMS4wJywgJy1waCcsICc3LjAnLCAnLXRuJywgJzgnLCAnLW1hJywgJzIwMCcsICctaW1hZScsICc8aW5maWxlLm1hZT4nLCAnLW9tYWUnLCAnPG91dGZpbGUubWFlPic=,W05IMl1bQ0gyXWMoW2NIXVtjSF0xKVtjSF1jKGMxMilbQ0gyXVtDSDJdTihbQ0gyXTIpW0NIMl1jM1tjSF1bY0hdYyhbY0hdW2NIXTMpW0NIMl1ONFtDSDJdW0NIMl1bQ0gyXU4oW0NIMl00KVtDSF01W0NIMl1bQ0gyXU4oW0NIMl1bQ0gyXTUpQyg9TylbQ0gyXVtOSF1DKD1PKVtDSDJdW05IXUMoPU8pYzZbY0hdW2NIXVtjSF1jKFtjSF02KUMoPU8pW05IMl0=,PR_Auto_Grid,S-OPLS,/home/andy/proj/701/output/2026_06_02_SMILES-RNN_PPS_tester_run_2/PPS_GlideDock/237/237_40.smi:1-1,/home/andy/proj/701/output/2026_06_02_SMILES-RNN_PPS_tester_run_2/PPS_GlideDock/237/237_40.smi,1.0,"This compound contains an acetal/aminal-like group ( X-CH(R)-Y where X, Y are N, S, or O) that may be acid/base labile, releasing an aldehyde."
L_PPS_to_R_PR,PPS,PR,L_PPS_to_R_PR__247_46-7,6,247_46-7,PPS,247,off,1,1,1,/home/andy/proj/701/output/2026_06_02_SMILES-RNN_PPS_tester_run_2/PPS_GlideDock/247/247_46.smi:1,NC(=O)c1ccc(C[C@H]([NH3+])C(=O)NC[C@@H]2CC[N@@H+](Cc3ccc(C[NH+]4CCN(C(=O)c5cc(O)cc(C(F)(F)F)c5)CC4)cc3)C2)cc1,3,3,192,1,375,15,66139,1,0,1,0.754682,0.459755,0.408529,0.0512252,0.346153,-7.37552,-24.5702,0.346153,8.92324,-96.2264,-65.9787,0.408921,-0.12945,-41.4085,-7.72167,-0.612441,-0.153657,-1.51411,-0.558425,-1.69327,0,0.0605299,70.7561,J2VwaWtfcHl0aG9uJywgJy1waHQnLCAnMS4wJywgJy1waCcsICc3LjAnLCAnLXRuJywgJzgnLCAnLW1hJywgJzIwMCcsICctaW1hZScsICc8aW5maWxlLm1hZT4nLCAnLW9tYWUnLCAnPG91dGZpbGUubWFlPic=,W05IMl1DKD1PKWMxW2NIXVtjSF1jKFtjSF1bY0hdMSlbQ0gyXVtDQEhdKFtOSDJdKUMoPU8pW05IXVtDSDJdW0NASF0yW0NIMl1bQ0gyXU4oW0NIMl0yKVtDSDJdYzNbY0hdW2NIXWMoW2NIXVtjSF0zKVtDSDJdTjRbQ0gyXVtDSDJdTihbQ0gyXVtDSDJdNClDKD1PKWM1W2NIXWMoW09IXSlbY0hdYyhDKEYpKEYpRilbY0hdNQ==,PR_Auto_Grid,S-OPLS,/home/andy/proj/701/output/2026_06_02_SMILES-RNN_PPS_tester_run_2/PPS_GlideDock/247/247_46.smi:1-7,/home/andy/proj/701/output/2026_06_02_SMILES-RNN_PPS_tester_run_2/PPS_GlideDock/247/247_46.smi,1.0,
L_PPS_to_R_PR,PPS,PR,L_PPS_to_R_PR__195_36-4,7,195_36-4,PPS,195,off,1,1,1,/home/andy/proj/701/output/2026_06_02_SMILES-RNN_PPS_tester_run_2/PPS_GlideDock/195/195_36.smi:1,NC(=O)C[N@@H+]1CC[C@H](c2ccc(CNC(=O)Nc3cccc(C[NH+]4CCN(C(=O)Cc5ccc(C(N)=O)cc5)CC4)c3)c(F)c2)C1,2,2,356,1,176,14,66139,1,0,1,0.198723,0.0994264,0.0993617,6.47573e-05,0.0993617,-7.88514,-13.4426,0.0993617,4.87176,-95.2212,-62.2613,0.496349,-0.0681358,-48.8188,-7.98451,-0.456,-0.171416,-1.63299,-0.614192,-2.27008,0,-1.22931,59.0002,J2VwaWtfcHl0aG9uJywgJy1waHQnLCAnMS4wJywgJy1waCcsICc3LjAnLCAnLXRuJywgJzgnLCAnLW1hJywgJzIwMCcsICctaW1hZScsICc8aW5maWxlLm1hZT4nLCAnLW9tYWUnLCAnPG91dGZpbGUubWFlPic=,W05IMl1DKD1PKVtDSDJdTjFbQ0gyXVtDSDJdW0NASF0oW0NIMl0xKWMyW2NIXVtjSF1jKGMoRilbY0hdMilbQ0gyXVtOSF1DKD1PKVtOSF1jM1tjSF1bY0hdW2NIXWMoW2NIXTMpW0NIMl1ONFtDSDJdW0NIMl1OKFtDSDJdW0NIMl00KUMoPU8pW0NIMl1jNVtjSF1bY0hdYyhDKD1PKVtOSDJdKVtjSF1bY0hdNQ==,PR_Auto_Grid,S-OPLS,/home/andy/proj/701/output/2026_06_02_SMILES-RNN_PPS_tester_run_2/PPS_GlideDock/195/195_36.smi:1-4,/home/andy/proj/701/output/2026_06_02_SMILES-RNN_PPS_tester_run_2/PPS_GlideDock/195/195_36.smi,,
L_PPS_to_R_PR,PPS,PR,L_PPS_to_R_PR__235_46-4,8,235_46-4,PPS,235,off,1,1,1,/home/andy/proj/701/output/2026_06_02_SMILES-RNN_PPS_tester_run_2/PPS_GlideDock/235/235_46.smi:1,NC(=O)c1ccc(CC[C@H]2CC[C@@H](C(=O)NCC(=O)NC[C@H]3CC[N@H+](Cc4cccc(CNC(=O)c5ccc6ccc(C[NH3+])cc6c5)c4)C3)CC2)cc1,2,2,52,1,9,18,66139,1,0,1,0.0446732,0.0446738,0.0446732,5.29208e-07,0.0,-7.34036,-11.4541,0.0,8.07181,-91.3884,-64.9527,0.483612,-0.12633,-53.4985,-7.34036,-0.121365,-0.138497,-1.47685,-0.520235,-3.0898,0,-0.0934247,61.9996,J2VwaWtfcHl0aG9uJywgJy1waHQnLCAnMS4wJywgJy1waCcsICc3LjAnLCAnLXRuJywgJzgnLCAnLW1hJywgJzIwMCcsICctaW1hZScsICc8aW5maWxlLm1hZT4nLCAnLW9tYWUnLCAnPG91dGZpbGUubWFlPic=,W05IMl1bQ0gyXWMoW2NIXVtjSF0xKVtjSF1jKGMxMilbY0hdYyhbY0hdW2NIXTIpQyg9TylbTkhdW0NIMl1jM1tjSF1bY0hdW2NIXWMoW2NIXTMpW0NIMl1ONFtDSDJdW0NIMl1bQ0BIXShbQ0gyXTQpW0NIMl1bTkhdQyg9TylbQ0gyXVtOSF1DKD1PKVtDQEhdNVtDSDJdW0NIMl1bQ0BIXShbQ0gyXVtDSDJdNSlbQ0gyXVtDSDJdYzZbY0hdW2NIXWMoQyg9TylbTkgyXSlbY0hdW2NIXTY=,PR_Auto_Grid,S-OPLS,/home/andy/proj/701/output/2026_06_02_SMILES-RNN_PPS_tester_run_2/PPS_GlideDock/235/235_46.smi:1-4,/home/andy/proj/701/output/2026_06_02_SMILES-RNN_PPS_tester_run_2/PPS_GlideDock/235/235_46.smi,1.0,
L_PPS_to_R_PR,PPS,PR,L_PPS_to_R_PR__198_56-5,9,198_56-5,PPS,198,off,1,1,1,/home/andy/proj/701/output/2026_06_02_SMILES-RNN_PPS_tester_run_2/PPS_GlideDock/198/198_56.smi:1,NC(=O)c1ccc(CC(=O)N2CCC[N@@H+](Cc3ccc(C[N@H+]4CCC[C@H](CNC(=O)Nc5ccccc5C(N)=O)CC4)cc3)CC2)cc1,2,2,79,1,47,14,66139,1,0,1,0.206504,0.107402,0.107363,3.85759e-05,0.0991412,-8.0718,-12.7194,0.0991412,3.79447,-101.636,-68.8289,0.439067,-0.0472203,-56.1095,-8.17094,-0.781872,-0.168163,-1.65705,-0.611143,-2.28324,0,-0.784296,87.5126,J2VwaWtfcHl0aG9uJywgJy1waHQnLCAnMS4wJywgJy1waCcsICc3LjAnLCAnLXRuJywgJzgnLCAnLW1hJywgJzIwMCcsICctaW1hZScsICc8aW5maWxlLm1hZT4nLCAnLW9tYWUnLCAnPG91dGZpbGUubWFlPic=,W05IMl1DKD1PKWMxW2NIXVtjSF1jKFtjSF1bY0hdMSlbQ0gyXUMoPU8pTjJbQ0gyXVtDSDJdW0NIMl1OKFtDSDJdW0NIMl0yKVtDSDJdYzNbY0hdW2NIXWMoW2NIXVtjSF0zKVtDSDJdTjRbQ0gyXVtDSDJdW0NIMl1bQ0BIXShbQ0gyXVtDSDJdNClbQ0gyXVtOSF1DKD1PKVtOSF1jNVtjSF1bY0hdW2NIXVtjSF1jNUMoPU8pW05IMl0=,PR_Auto_Grid,S-OPLS,/home/andy/proj/701/output/2026_06_02_SMILES-RNN_PPS_tester_run_2/PPS_GlideDock/198/198_56.smi:1-5,/home/andy/proj/701/output/2026_06_02_SMILES-RNN_PPS_tester_run_2/PPS_GlideDock/198/198_56.smi,,
L_PPS_to_R_PR,PPS,PR,L_PPS_to_R_PR__318_5-1,10,318_5-1,PPS,318,off,1,1,1,/home/andy/proj/701/output/2026_06_02_SMILES-RNN_PPS_tester_run_2/PPS_GlideDock/318/318_5.smi:1,NC(=O)c1ccc(CNC(=O)c2ccc(C(=O)N3CC[NH+](Cc4ccc(CNC(=O)c5ccc6ncncc6c5)cc4)CC3)nn2)cc1,1,1,73,1,194,13,66139,1,0,1,0.689605,0.344838,0.344803,3.56947e-05,0.344803,-9.6209,-11.1171,0.344803,9.85286,-124.981,-78.529,0.413645,-0.00739415,-67.412,-9.96571,-0.32,-0.200435,-1.97506,-0.728431,-3.59589,0,-1.41791,82.1961,J2VwaWtfcHl0aG9uJywgJy1waHQnLCAnMS4wJywgJy1waCcsICc3LjAnLCAnLXRuJywgJzgnLCAnLW1hJywgJzIwMCcsICctaW1hZScsICc8aW5maWxlLm1hZT4nLCAnLW9tYWUnLCAnPG91dGZpbGUubWFlPic=,W05IMl1DKD1PKWMxW2NIXVtjSF1jKFtjSF1bY0hdMSlbQ0gyXVtOSF1DKD1PKWMyW2NIXVtjSF1jKG5uMilDKD1PKU4zW0NIMl1bQ0gyXU4oW0NIMl1bQ0gyXTMpW0NIMl1jNFtjSF1bY0hdYyhbY0hdW2NIXTQpW0NIMl1bTkhdQyg9TyljKFtjSF1bY0hdNSlbY0hdYyhjNTYpW2NIXW5bY0hdbjY=,PR_Auto_Grid,S-OPLS,/home/andy/proj/701/output/2026_06_02_SMILES-RNN_PPS_tester_run_2/PPS_GlideDock/318/318_5.smi:1-1,/home/andy/proj/701/output/2026_06_02_SMILES-RNN_PPS_tester_run_2/PPS_GlideDock/318/318_5.smi,1.0,"This compound contains an electron-poor aromatic ring that is susceptible to covalent hydrolysis at low pH, typically resulting in measured values for nitrogen ring protonation that are around two units higher than predicted values."
L_PR_to_R_PPS,PR,PPS,L_PR_to_R_PPS__248_35-2,1,248_35-2,PR,248,off,1,1,1,/home/andy/proj/701/output/2026_07_07_SMILES-RNN_PR_run/PR_GlideDock/248/248_35.smi:1,NC(=O)c1ccc(NC(=O)CNC[C@@H]2[NH2+][C@@H](CCc3ccc(O)cc3)[C@H]2O)cc1,1,1,489,1,179,12,66139,1,0,1,0.0432447,0.0146875,0.00737876,0.00730872,0.0358659,-9.41149,-18.6215,0.0358659,7.60451,-103.326,-65.5465,1.10517,-0.2,-46.925,-9.44735,-0.72,-0.324534,-2.15499,-0.997071,-3.6625,0,-0.83054,38.7824,J2VwaWtfcHl0aG9uJywgJy1waHQnLCAnMS4wJywgJy1waCcsICc3LjAnLCAnLXRuJywgJzgnLCAnLW1hJywgJzIwMCcsICctaW1hZScsICc8aW5maWxlLm1hZT4nLCAnLW9tYWUnLCAnPG91dGZpbGUubWFlPic=,W05IMl1DKD1PKWMxW2NIXVtjSF1jKFtjSF1bY0hdMSlbTkhdQyg9TylbQ0gyXVtOSF1bQ0gyXVtDQEhdMltOSF1bQ0BIXShbQ0BIXTJbT0hdKVtDSDJdW0NIMl1jM1tjSF1bY0hdYyhbT0hdKVtjSF1bY0hdMw==,PPSgrid,S-OPLS,/home/andy/proj/701/output/2026_07_07_SMILES-RNN_PR_run/PR_GlideDock/248/248_35.smi:1-2,/home/andy/proj/701/output/2026_07_07_SMILES-RNN_PR_run/PR_GlideDock/248/248_35.smi,1.0,
L_PR_to_R_PPS,PR,PPS,L_PR_to_R_PPS__287_14-1,2,287_14-1,PR,287,off,1,1,1,/home/andy/proj/701/output/2026_07_07_SMILES-RNN_PR_run/PR_GlideDock/287/287_14.smi:1,NC(=O)c1ccc(C[C@H](O)[C@H](O)CC[N@H+]2CC[C@@H](c3ccc(O)cc3)[C@@H](O)C2)cc1,1,1,352,1,377,12,66139,1,0,1,0.0271784,0.014081,0.0135892,0.000491759,0.0135892,-8.75785,-10.5765,0.0135892,5.5312,-77.4995,-54.6943,0.800681,-0.0520436,-44.1178,-8.77144,-0.421531,-0.291928,-1.98988,-0.907089,-4.4903,0,-0.815879,40.809,J2VwaWtfcHl0aG9uJywgJy1waHQnLCAnMS4wJywgJy1waCcsICc3LjAnLCAnLXRuJywgJzgnLCAnLW1hJywgJzIwMCcsICctaW1hZScsICc8aW5maWxlLm1hZT4nLCAnLW9tYWUnLCAnPG91dGZpbGUubWFlPic=,W05IMl1DKD1PKWMxW2NIXVtjSF1jKFtjSF1bY0hdMSlbQ0gyXVtDQEhdKFtPSF0pW0NASF0oW09IXSlbQ0gyXVtDSDJdTjJbQ0gyXVtDSDJdW0NASF0oW0NAQEhdKFtPSF0pW0NIMl0yKWMzW2NIXVtjSF1jKFtPSF0pW2NIXVtjSF0z,PPSgrid,S-OPLS,/home/andy/proj/701/output/2026_07_07_SMILES-RNN_PR_run/PR_GlideDock/287/287_14.smi:1-1,/home/andy/proj/701/output/2026_07_07_SMILES-RNN_PR_run/PR_GlideDock/287/287_14.smi,1.0,
L_PR_to_R_PPS,PR,PPS,L_PR_to_R_PPS__196_17-5,3,196_17-5,PR,196,off,1,1,1,/home/andy/proj/701/output/2026_07_07_SMILES-RNN_PR_run/PR_GlideDock/196/196_17.smi:1,Oc1ccc([C@H]2[NH2+]C[C@H](NC/C(=N/CCCc3ccc4c(c3)OCO4)[C@@H]3CCc4cc(O)ccc43)[C@H]2O)cc1,1,1,134,1,266,12,66139,1,0,1,0.551255,0.089255,0.059344,0.029911,0.491911,-8.2212,-12.4806,0.491911,16.5963,-43.5051,-44.9715,0.58571,-0.0803907,-32.4909,-8.71311,-0.608,-0.2108,-1.76286,-0.714867,-4.80993,0,-0.303866,59.4566,J2VwaWtfcHl0aG9uJywgJy1waHQnLCAnMS4wJywgJy1waCcsICc3LjAnLCAnLXRuJywgJzgnLCAnLW1hJywgJzIwMCcsICctaW1hZScsICc8aW5maWxlLm1hZT4nLCAnLW9tYWUnLCAnPG91dGZpbGUubWFlPic=,W09IXWMxW2NIXVtjSF1jKFtjSF1bY0hdMSlbQ0BIXTJbTkhdW0NIMl1bQ0BIXShbQ0BIXTJbT0hdKVtOSF1bQ0gyXS9DKD1DKC9bQ0gyXVtDSDJdMyljKGMzNClbY0hdW2NIXWMoW2NIXTQpW09IXSlbTkhdW0NIMl1bQ0gyXVtDSDJdYyhbY0hdW2NIXTUpW2NIXWMoYzU2KU9bQ0gyXU82,PPSgrid,S-OPLS,/home/andy/proj/701/output/2026_07_07_SMILES-RNN_PR_run/PR_GlideDock/196/196_17.smi:1-5,/home/andy/proj/701/output/2026_07_07_SMILES-RNN_PR_run/PR_GlideDock/196/196_17.smi,0.499992,"This compound has an imine and may undergo hydrolysis. This compound contains an acetal/aminal-like group ( X-CH(R)-Y where X, Y are N, S, or O) that may be acid/base labile, releasing an aldehyde."
L_PR_to_R_PPS,PR,PPS,L_PR_to_R_PPS__284_8-2,4,284_8-2,PR,284,off,1,1,1,/home/andy/proj/701/output/2026_07_07_SMILES-RNN_PR_run/PR_GlideDock/284/284_8.smi:1,NC(=O)c1ccc(NC(=O)CCC[NH2+][C@@H]2CC[C@@H](c3ccc(O)cc3)[C@H]2O)cc1,1,1,173,1,226,11,66139,1,0,1,0.0107055,0.00566052,0.00535277,0.000307755,0.00535277,-9.63767,-15.8636,0.00535277,6.54657,-99.0829,-63.5836,0.986758,-0.1,-47.72,-9.64302,-0.450084,-0.332333,-2.20678,-1.02103,-4.03605,0,-1.27811,36.9858,J2VwaWtfcHl0aG9uJywgJy1waHQnLCAnMS4wJywgJy1waCcsICc3LjAnLCAnLXRuJywgJzgnLCAnLW1hJywgJzIwMCcsICctaW1hZScsICc8aW5maWxlLm1hZT4nLCAnLW9tYWUnLCAnPG91dGZpbGUubWFlPic=,W05IMl1DKD1PKWMxW2NIXVtjSF1jKFtjSF1bY0hdMSlbTkhdQyg9TylbQ0gyXVtDSDJdW0NIMl1bTkhdW0NASF0yW0NIMl1bQ0gyXVtDQEhdKFtDQEhdMltPSF0pYzNbY0hdW2NIXWMoW09IXSlbY0hdW2NIXTM=,PPSgrid,S-OPLS,/home/andy/proj/701/output/2026_07_07_SMILES-RNN_PR_run/PR_GlideDock/284/284_8.smi:1-2,/home/andy/proj/701/output/2026_07_07_SMILES-RNN_PR_run/PR_GlideDock/284/284_8.smi,1.0,
L_PR_to_R_PPS,PR,PPS,L_PR_to_R_PPS__291_3-2,5,291_3-2,PR,291,off,1,1,1,/home/andy/proj/701/output/2026_07_07_SMILES-RNN_PR_run/PR_GlideDock/291/291_3.smi:1,NC(=O)c1ccc(NC(=O)CCC[NH2+][C@@H]2[C@@H](O)[C@@H](c3ccc(O)cc3)[C@@H]2F)cc1,1,1,104,1,107,11,66139,1,0,1,0.250524,0.125704,0.125262,0.000441767,0.125262,-8.95297,-12.92,0.125262,5.22703,-92.0299,-58.3281,0.969331,-0.1,-45.4081,-9.07824,-0.519455,-0.308723,-2.05,-0.948496,-3.67491,0,-1.5448,40.9695,J2VwaWtfcHl0aG9uJywgJy1waHQnLCAnMS4wJywgJy1waCcsICc3LjAnLCAnLXRuJywgJzgnLCAnLW1hJywgJzIwMCcsICctaW1hZScsICc8aW5maWxlLm1hZT4nLCAnLW9tYWUnLCAnPG91dGZpbGUubWFlPic=,W05IMl1DKD1PKWMxW2NIXVtjSF1jKFtjSF1bY0hdMSlbTkhdQyg9TylbQ0gyXVtDSDJdW0NIMl1bTkhdW0NASF0yW0NAQEhdKFtPSF0pW0NASF0oW0NAQEhdMkYpYzNbY0hdW2NIXWMoW09IXSlbY0hdW2NIXTM=,PPSgrid,S-OPLS,/home/andy/proj/701/output/2026_07_07_SMILES-RNN_PR_run/PR_GlideDock/291/291_3.smi:1-2,/home/andy/proj/701/output/2026_07_07_SMILES-RNN_PR_run/PR_GlideDock/291/291_3.smi,1.0,
L_PR_to_R_PPS,PR,PPS,L_PR_to_R_PPS__237_61-6,6,237_61-6,PR,237,off,1,1,1,/home/andy/proj/701/output/2026_07_07_SMILES-RNN_PR_run/PR_GlideDock/237/237_61.smi:1,Oc1ccc(/C=C\C[NH2+]CCN[C@H]2C[NH2+][C@H](c3ccc(O)cc3)[C@H]2O)cc1,2,2,477,1,177,11,66139,1,0,1,0.160315,0.079067,0.0708994,0.00816762,0.0894154,-8.00934,-16.5146,0.0894154,6.3842,-84.523,-53.1368,0.783375,-0.188029,-36.6222,-8.09876,-0.698412,-0.296642,-1.86444,-0.889927,-2.23538,0,-1.45202,42.885,J2VwaWtfcHl0aG9uJywgJy1waHQnLCAnMS4wJywgJy1waCcsICc3LjAnLCAnLXRuJywgJzgnLCAnLW1hJywgJzIwMCcsICctaW1hZScsICc8aW5maWxlLm1hZT4nLCAnLW9tYWUnLCAnPG91dGZpbGUubWFlPic=,W09IXWMxW2NIXVtjSF1jKFtjSF1bY0hdMSkvW0NIXT1bQ0hdL1tDSDJdW05IXVtDSDJdW0NIMl1bTkhdW0NASF0yW0NIMl1bTkhdW0NASF0oW0NASF0yW09IXSljM1tjSF1bY0hdYyhbT0hdKVtjSF1bY0hdMw==,PPSgrid,S-OPLS,/home/andy/proj/701/output/2026_07_07_SMILES-RNN_PR_run/PR_GlideDock/237/237_61.smi:1-6,/home/andy/proj/701/output/2026_07_07_SMILES-RNN_PR_run/PR_GlideDock/237/237_61.smi,1.0,
L_PR_to_R_PPS,PR,PPS,L_PR_to_R_PPS__261_48-6,7,261_48-6,PR,261,off,1,1,1,/home/andy/proj/701/output/2026_07_07_SMILES-RNN_PR_run/PR_GlideDock/261/261_48.smi:1,Oc1ccc([C@H]2CC[NH2+][C@H](CC[C@H](O)Cc3ccc(O)cc3/C=C\Cc3ccccc3)[C@H]2O)cc1,1,1,267,1,158,13,66139,1,0,1,0.00911808,0.00552465,0.00455904,0.000965613,0.00455904,-11.2095,-17.4717,0.00455904,6.13376,-109.674,-70.4139,0.718694,0.0,-52.9422,-11.2141,-0.736419,-0.320272,-2.46074,-1.04763,-5.75539,0,-0.173106,46.9154,J2VwaWtfcHl0aG9uJywgJy1waHQnLCAnMS4wJywgJy1waCcsICc3LjAnLCAnLXRuJywgJzgnLCAnLW1hJywgJzIwMCcsICctaW1hZScsICc8aW5maWxlLm1hZT4nLCAnLW9tYWUnLCAnPG91dGZpbGUubWFlPic=,W09IXWMxW2NIXVtjSF1jKFtjSF1bY0hdMSlbQ0BIXTJbQ0gyXVtDSDJdW05IXVtDQEhdKFtDQEhdMltPSF0pW0NIMl1bQ0gyXVtDQEhdKFtPSF0pW0NIMl1jM1tjSF1bY0hdYyhbT0hdKVtjSF1jMy9bQ0hdPVtDSF0vW0NIMl1jNFtjSF1bY0hdW2NIXVtjSF1bY0hdNA==,PPSgrid,S-OPLS,/home/andy/proj/701/output/2026_07_07_SMILES-RNN_PR_run/PR_GlideDock/261/261_48.smi:1-6,/home/andy/proj/701/output/2026_07_07_SMILES-RNN_PR_run/PR_GlideDock/261/261_48.smi,1.0,
L_PR_to_R_PPS,PR,PPS,L_PR_to_R_PPS__290_10-7,8,290_10-7,PR,290,off,1,1,1,/home/andy/proj/701/output/2026_07_07_SMILES-RNN_PR_run/PR_GlideDock/290/290_10.smi:1,NC(=O)c1ccc([C@H](O)C[NH2+]CCCC[N@@H+]2CC[C@H](c3ccc(O)cc3)[C@@H](O)C2)cc1,2,2,366,1,85,13,66139,1,0,1,0.0241315,0.0246241,0.0241315,0.000492591,0.0,-9.51504,-18.0565,0.0,6.6782,-93.9776,-58.754,0.67855,-0.1,-40.6974,-9.51504,-0.762837,-0.306937,-2.14593,-0.964205,-3.40762,0,-1.17978,54.9584,J2VwaWtfcHl0aG9uJywgJy1waHQnLCAnMS4wJywgJy1waCcsICc3LjAnLCAnLXRuJywgJzgnLCAnLW1hJywgJzIwMCcsICctaW1hZScsICc8aW5maWxlLm1hZT4nLCAnLW9tYWUnLCAnPG91dGZpbGUubWFlPic=,W05IMl1DKD1PKWMxW2NIXVtjSF1jKFtjSF1bY0hdMSlbQ0BIXShbT0hdKVtDSDJdW05IXVtDSDJdW0NIMl1bQ0gyXVtDSDJdTjJbQ0gyXVtDSDJdW0NASF0oW0NAQEhdKFtPSF0pW0NIMl0yKWMzW2NIXVtjSF1jKFtPSF0pW2NIXVtjSF0z,PPSgrid,S-OPLS,/home/andy/proj/701/output/2026_07_07_SMILES-RNN_PR_run/PR_GlideDock/290/290_10.smi:1-7,/home/andy/proj/701/output/2026_07_07_SMILES-RNN_PR_run/PR_GlideDock/290/290_10.smi,1.0,
L_PR_to_R_PPS,PR,PPS,L_PR_to_R_PPS__284_41-3,9,284_41-3,PR,284,off,1,1,1,/home/andy/proj/701/output/2026_07_07_SMILES-RNN_PR_run/PR_GlideDock/284/284_41.smi:1,NC(=O)c1ccc(CC(=O)NCC[NH2+][C@H]2CC[C@H](c3ccc(O)cc3)[C@H]2O)cc1,1,1,159,1,11,11,66139,1,0,1,0.0485838,0.0246143,0.0242919,0.000322358,0.0242919,-11.3083,-24.0887,0.0242919,7.35255,-111.173,-67.3759,0.986758,-0.198886,-43.2872,-11.3326,-1.28,-0.389941,-2.58931,-1.19802,-3.86695,0,-1.19582,27.8822,J2VwaWtfcHl0aG9uJywgJy1waHQnLCAnMS4wJywgJy1waCcsICc3LjAnLCAnLXRuJywgJzgnLCAnLW1hJywgJzIwMCcsICctaW1hZScsICc8aW5maWxlLm1hZT4nLCAnLW9tYWUnLCAnPG91dGZpbGUubWFlPic=,W05IMl1DKD1PKWMxW2NIXVtjSF1jKFtjSF1bY0hdMSlbQ0gyXUMoPU8pW05IXVtDSDJdW0NIMl1bTkhdW0NASF0yW0NIMl1bQ0gyXVtDQEhdKFtDQEhdMltPSF0pYzNbY0hdW2NIXWMoW09IXSlbY0hdW2NIXTM=,PPSgrid,S-OPLS,/home/andy/proj/701/output/2026_07_07_SMILES-RNN_PR_run/PR_GlideDock/284/284_41.smi:1-3,/home/andy/proj/701/output/2026_07_07_SMILES-RNN_PR_run/PR_GlideDock/284/284_41.smi,1.0,
L_PR_to_R_PPS,PR,PPS,L_PR_to_R_PPS__277_23-1,10,277_23-1,PR,277,off,1,1,1,/home/andy/proj/701/output/2026_07_07_SMILES-RNN_PR_run/PR_GlideDock/277/277_23.smi:1,NC(=O)c1ccc([C@H]2CC[NH2+][C@@H](NC/C=C/Cc3ccc(C(=O)[O-])cc3)[C@H]2O)cc1,0,2,213,1,145,9,66139,1,0,1,0.134043,0.00168884,0.00167367,1.51684e-05,0.13237,-6.74459,-8.47723,0.13237,15.1543,-66.6621,-48.4004,0.493241,-0.170495,-39.9231,-6.87696,-0.51391,-0.22482,-1.53244,-0.698567,-1.6361,0,-1.78195,42.2631,J2VwaWtfcHl0aG9uJywgJy1waHQnLCAnMS4wJywgJy1waCcsICc3LjAnLCAnLXRuJywgJzgnLCAnLW1hJywgJzIwMCcsICctaW1hZScsICc8aW5maWxlLm1hZT4nLCAnLW9tYWUnLCAnPG91dGZpbGUubWFlPic=,W05IMl1DKD1PKWMxW2NIXVtjSF1jKFtjSF1bY0hdMSlbQ0BIXTJbQ0gyXVtDSDJdW05IXVtDQEhdKFtDQEhdMltPSF0pW05IXVtDSDJdL1tDSF09W0NIXS9bQ0gyXWMzW2NIXVtjSF1jKEMoPU8pW09IXSlbY0hdW2NIXTM=,PPSgrid,S-OPLS,/home/andy/proj/701/output/2026_07_07_SMILES-RNN_PR_run/PR_GlideDock/277/277_23.smi:1-1,/home/andy/proj/701/output/2026_07_07_SMILES-RNN_PR_run/PR_GlideDock/277/277_23.smi,,"This compound contains an acetal/aminal-like group ( X-CH(R)-Y where X, Y are N, S, or O) that may be acid/base labile, releasing an aldehyde."
